Rk,Player,From,To,Tm,Lg,G,GS,MP,FG,FGA,2P,2PA,3P,3PA,FT,FTA,ORB,DRB,TRB,AST,STL,BLK,TOV,PF,PTS,FG%,2P%,3P%,eFG%,FT%,TS%
1,Stephen Curry,2010,2016,GSW,NBA,495,489,17259,3914,8202,2321,4612,1593,3590,1668,1850,344,1805,2149,3393,886,104,1579,1258,11089,0.477,0.503,0.444,0.574,0.902,0.615
2,Hubert Davis,2001,2004,TOT,NBA,177,36,3329,374,849,227,515,147,334,77,91,43,217,260,250,70,4,139,214,972,0.441,0.441,0.44,0.527,0.846,0.547
3,Jason Kapono,2004,2012,TOT,NBA,509,87,9068,1336,3026,879,1972,457,1054,269,322,165,679,844,417,180,25,327,777,3398,0.442,0.446,0.434,0.517,0.835,0.536
4,Steve Nash,2001,2014,TOT,NBA,980,975,32920,5692,11456,4220,8047,1472,3409,2831,3116,529,2655,3184,9444,742,93,3132,1525,15687,0.497,0.524,0.432,0.561,0.909,0.611
5,Wesley Person,2001,2005,TOT,NBA,287,147,7396,1102,2377,729,1513,373,864,242,303,104,712,816,454,184,80,225,287,2819,0.464,0.482,0.432,0.542,0.799,0.561
6,Steve Novak,2007,2016,TOT,NBA,459,6,5635,749,1710,175,379,574,1331,100,114,68,520,588,132,91,38,81,370,2172,0.438,0.462,0.431,0.606,0.877,0.617
7,Kyle Korver,2004,2016,TOT,NBA,964,396,25562,3315,7502,1428,3107,1887,4395,1100,1251,305,2703,3008,1767,688,331,1059,2101,9617,0.442,0.46,0.429,0.568,0.879,0.597
8,Danny Ferry,2001,2003,SAS,NBA,194,32,3088,298,676,164,361,134,315,66,79,90,298,388,140,51,39,99,294,796,0.441,0.454,0.425,0.54,0.835,0.56
9,Anthony Morrow,2009,2016,TOT,NBA,515,135,11566,1858,4128,1092,2324,766,1804,574,654,297,887,1184,469,293,73,374,853,5056,0.45,0.47,0.425,0.543,0.878,0.572
10,Terry Porter,2001,2002,SAS,NBA,152,42,2972,333,761,187,414,146,347,160,199,36,329,365,456,97,27,189,177,972,0.438,0.452,0.421,0.534,0.804,0.573
11,Klay Thompson,2012,2016,GSW,NBA,386,349,12533,2638,5867,1578,3343,1060,2524,776,910,156,1113,1269,885,356,211,682,900,7112,0.45,0.472,0.42,0.54,0.853,0.567
12,Brent Barry,2001,2009,TOT,NBA,599,265,15144,1777,3756,867,1583,910,2173,794,959,264,1551,1815,1948,600,147,775,1026,5258,0.473,0.548,0.419,0.594,0.828,0.629
13,Matt Bonner,2005,2016,TOT,NBA,792,112,13356,1749,3768,952,1845,797,1923,337,432,622,1749,2371,552,285,213,299,1307,4632,0.464,0.516,0.414,0.57,0.78,0.585
14,Jon Barry,2001,2006,TOT,NBA,370,19,7416,855,1931,467,992,388,939,404,460,143,678,821,950,315,58,387,490,2502,0.443,0.471,0.413,0.543,0.878,0.586
15,Jose Calderon,2006,2016,TOT,NBA,748,546,21558,2845,6001,2004,3959,841,2042,881,1007,263,1667,1930,4829,662,65,1222,1295,7412,0.474,0.506,0.412,0.544,0.875,0.575
16,J.J. Redick,2007,2016,TOT,NBA,612,241,14967,2365,5282,1295,2686,1070,2596,1241,1398,118,1035,1153,1166,268,39,627,894,7041,0.448,0.482,0.412,0.549,0.888,0.597
17,Doug McDermott,2015,2016,CHI,NBA,117,4,2182,334,751,211,451,123,300,82,99,43,195,238,65,18,7,70,156,873,0.445,0.468,0.41,0.527,0.828,0.549
18,Eric Piatkowski,2001,2008,TOT,NBA,387,142,7180,936,2157,498,1088,438,1069,427,499,173,604,777,382,171,49,284,471,2737,0.434,0.458,0.41,0.535,0.856,0.576
19,Kelenna Azubuike,2007,2012,TOT,NBA,208,84,5025,802,1748,592,1234,210,514,364,473,257,572,829,230,130,103,203,408,2178,0.459,0.48,0.409,0.519,0.77,0.557
20,Fred Hoiberg,2001,2005,TOT,NBA,371,48,7515,704,1579,426,899,278,680,443,519,103,1001,1104,663,315,47,195,542,2129,0.446,0.474,0.409,0.534,0.854,0.589
21,Anthony Parker,2007,2012,TOT,NBA,439,423,13368,1611,3623,1025,2191,586,1432,539,674,228,1293,1521,1100,420,78,473,762,4347,0.445,0.468,0.409,0.526,0.8,0.555
22,Anthony Peeler,2001,2005,TOT,NBA,354,80,8351,1060,2523,669,1566,391,957,231,274,166,691,857,790,298,54,368,606,2742,0.42,0.427,0.409,0.498,0.843,0.519
23,Wally Szczerbiak,2001,2009,TOT,NBA,578,340,17881,3144,6524,2582,5149,562,1375,1500,1738,582,1748,2330,1331,330,137,887,1205,8350,0.482,0.501,0.409,0.525,0.863,0.573
24,C.J. McCollum,2014,2016,POR,NBA,180,83,4229,874,1974,592,1283,282,691,261,333,68,330,398,432,154,33,279,321,2291,0.443,0.461,0.408,0.514,0.784,0.54
25,Daniel Gibson,2007,2013,CLE,NBA,397,77,9316,1065,2646,487,1227,578,1419,407,522,142,650,792,775,243,86,373,811,3115,0.402,0.397,0.407,0.512,0.78,0.542
26,Mike Miller,2001,2016,TOT,NBA,1012,570,27661,4007,8724,2425,4834,1582,3890,1349,1755,630,3708,4338,2644,571,229,1548,2034,10945,0.459,0.502,0.407,0.55,0.769,0.576
27,Raja Bell,2001,2012,TOT,NBA,706,479,19813,2581,5949,1625,3592,956,2357,880,1101,408,1560,1968,1208,484,130,695,1840,6998,0.434,0.452,0.406,0.514,0.799,0.544
28,Peja Stojakovic,2001,2011,TOT,NBA,682,653,24192,4363,9629,2760,5682,1603,3947,2039,2273,630,2733,3363,1230,654,92,949,1258,12368,0.453,0.486,0.406,0.536,0.897,0.582
29,Ray Allen,2001,2014,TOT,NBA,1004,854,35736,6669,14648,4193,8500,2476,6148,3322,3687,866,3104,3970,3309,1102,196,1992,2092,19136,0.455,0.493,0.403,0.54,0.901,0.588
30,Luke Babbitt,2011,2016,TOT,NBA,263,38,3552,446,1097,199,484,247,613,96,129,92,517,609,157,61,40,121,348,1235,0.407,0.411,0.403,0.519,0.744,0.535
31,Danny Green,2010,2016,TOT,NBA,402,336,9955,1291,3018,560,1206,731,1812,345,421,228,1151,1379,637,403,316,415,658,3658,0.428,0.464,0.403,0.549,0.819,0.571
32,Brandon Rush,2009,2016,TOT,NBA,434,130,9534,1150,2674,672,1488,478,1186,275,390,171,1143,1314,423,200,239,372,578,3053,0.43,0.452,0.403,0.519,0.705,0.536
33,Ben Gordon,2005,2015,TOT,NBA,744,269,20366,3931,9092,2760,6171,1171,2921,2051,2394,333,1518,1851,1868,508,114,1551,1720,11084,0.432,0.447,0.401,0.497,0.857,0.546
34,Khris Middleton,2013,2016,TOT,NBA,267,201,8165,1351,3006,965,2042,386,964,556,637,156,853,1009,710,351,54,427,683,3644,0.449,0.473,0.4,0.514,0.873,0.554
35,Jared Dudley,2008,2016,TOT,NBA,676,253,16404,2076,4421,1372,2656,704,1765,830,1128,722,1580,2302,1079,592,120,609,1218,5686,0.47,0.517,0.399,0.549,0.736,0.578
36,Walt Williams,2001,2003,TOT,NBA,186,57,3861,502,1250,262,648,240,602,168,227,121,493,614,225,90,64,161,400,1412,0.402,0.404,0.399,0.498,0.74,0.523
37,Matthew Dellavedova,2014,2016,CLE,NBA,215,31,4518,440,1114,217,553,223,561,124,152,99,312,411,728,101,16,237,451,1227,0.395,0.392,0.398,0.495,0.816,0.52
38,James Jones,2004,2016,TOT,NBA,661,91,10717,1161,2911,416,1040,745,1871,518,612,223,1016,1239,352,220,208,221,893,3585,0.399,0.4,0.398,0.527,0.846,0.564
39,Bradley Beal,2013,2016,WAS,NBA,247,213,8090,1485,3486,1045,2377,440,1109,539,690,195,718,913,736,251,76,453,519,3949,0.426,0.44,0.397,0.489,0.781,0.521
40,Pat Garrity,2001,2008,ORL,NBA,429,97,9023,1135,2785,590,1413,545,1372,308,364,273,899,1172,366,207,82,312,1013,3123,0.408,0.418,0.397,0.505,0.846,0.53
41,Allan Houston,2001,2005,NYK,NBA,307,298,11211,2187,4960,1659,3630,528,1330,1130,1256,107,803,910,724,206,31,632,708,6032,0.441,0.457,0.397,0.494,0.9,0.547
42,Jim Jackson,2001,2006,TOT,NBA,358,167,10442,1358,3274,960,2268,398,1006,431,509,287,1321,1608,865,259,62,641,847,3545,0.415,0.423,0.396,0.476,0.847,0.507
43,Lamond Murray,2001,2006,TOT,NBA,301,120,6549,1101,2617,845,1971,256,646,480,629,272,826,1098,369,217,100,396,519,2938,0.421,0.429,0.396,0.47,0.763,0.508
44,Bobby Simmons,2002,2012,TOT,NBA,466,228,11513,1551,3552,1173,2597,378,955,709,862,559,1232,1791,710,396,83,522,1153,4189,0.437,0.452,0.396,0.49,0.823,0.533
45,Chauncey Billups,2001,2014,TOT,NBA,905,821,28999,4233,10068,2602,5944,1631,4124,4076,4547,386,2286,2672,5110,876,148,1842,1855,14173,0.42,0.438,0.395,0.501,0.896,0.587
46,Bruce Bowen,2001,2009,TOT,NBA,712,632,21374,1725,4176,961,2237,764,1939,470,824,348,1758,2106,946,581,282,562,1587,4684,0.413,0.43,0.394,0.505,0.57,0.516
47,Steve Smith,2001,2005,TOT,NBA,332,135,7464,1003,2302,686,1496,317,806,709,805,195,515,710,561,159,61,357,613,3032,0.436,0.459,0.393,0.505,0.881,0.571
48,Damon Jones,2001,2009,TOT,NBA,578,113,12505,1394,3403,519,1165,875,2238,305,418,97,878,975,1668,226,19,494,631,3968,0.41,0.445,0.391,0.538,0.73,0.553
49,Kawhi Leonard,2012,2016,SAS,NBA,324,297,9680,1741,3487,1370,2539,371,948,767,926,423,1616,2039,643,572,225,388,575,4620,0.499,0.54,0.391,0.552,0.828,0.593
50,Hollis Thompson,2014,2016,PHI,NBA,225,81,5672,665,1595,334,749,331,846,184,258,180,537,717,257,146,62,202,472,1845,0.417,0.446,0.391,0.521,0.713,0.54
51,Eddie House,2001,2011,TOT,NBA,717,31,12405,2078,5077,1261,2981,817,2096,383,450,164,1059,1223,1112,470,58,569,927,5356,0.409,0.423,0.39,0.49,0.851,0.508
52,Tyronn Lue,2001,2009,TOT,NBA,531,173,12230,1718,3935,1269,2784,449,1151,702,839,128,797,925,1685,278,10,639,1012,4587,0.437,0.456,0.39,0.494,0.837,0.533
53,Evan Fournier,2013,2016,TOT,NBA,251,111,6158,985,2200,633,1294,352,906,429,547,101,514,615,489,189,12,347,574,2751,0.448,0.489,0.389,0.528,0.784,0.564
54,Patrick Mills,2010,2016,TOT,NBA,361,10,5728,1018,2337,573,1194,445,1143,224,268,115,418,533,677,218,23,305,412,2705,0.436,0.48,0.389,0.531,0.836,0.551
55,Leandro Barbosa,2004,2016,TOT,NBA,783,112,17423,3231,7017,2278,4559,953,2458,1201,1466,304,1312,1616,1694,662,113,1013,1569,8616,0.46,0.5,0.388,0.528,0.819,0.562
56,Luther Head,2006,2011,TOT,NBA,348,82,7797,1025,2426,574,1264,451,1162,341,441,110,735,845,747,254,43,437,510,2842,0.423,0.454,0.388,0.515,0.773,0.542
57,Rashard Lewis,2001,2014,TOT,NBA,947,827,31821,5350,11861,3604,7362,1746,4499,2412,2974,1278,3794,5072,1691,1045,504,1479,2248,14858,0.451,0.49,0.388,0.525,0.811,0.564
58,Troy Murphy,2002,2013,TOT,NBA,729,482,19921,2848,6400,2235,4822,613,1578,1551,1977,1373,4335,5708,1088,478,294,886,1890,7860,0.445,0.464,0.388,0.493,0.785,0.541
59,Wesley Matthews,2010,2016,TOT,NBA,519,459,16862,2492,5730,1414,2944,1078,2786,1209,1458,305,1308,1613,1062,583,98,682,1154,7271,0.435,0.48,0.387,0.529,0.829,0.571
60,Channing Frye,2006,2016,TOT,NBA,727,423,17338,2546,5806,1705,3629,841,2177,784,957,714,2811,3525,761,400,485,700,2004,6717,0.439,0.47,0.386,0.511,0.819,0.539
61,Arron Afflalo,2008,2016,TOT,NBA,648,489,18567,2733,6051,1970,4067,763,1984,1275,1554,321,1664,1985,1278,316,126,789,1321,7504,0.452,0.484,0.385,0.515,0.82,0.557
62,Allen Crabbe,2014,2016,POR,NBA,147,17,2888,386,864,238,480,148,384,113,133,35,263,298,144,84,32,82,276,1033,0.447,0.496,0.385,0.532,0.85,0.56
63,Meyers Leonard,2013,2016,POR,NBA,225,26,3741,512,1048,376,695,136,353,153,188,203,727,930,175,36,75,180,540,1313,0.489,0.541,0.385,0.553,0.814,0.581
64,Dirk Nowitzki,2001,2016,DAL,NBA,1211,1204,43353,9741,20468,8170,16383,1571,4085,6618,7493,1275,8571,9846,3164,1036,1085,2160,2905,27671,0.476,0.499,0.385,0.514,0.883,0.582
65,Shane Battier,2002,2014,TOT,NBA,977,705,30004,2982,6819,1732,3565,1250,3254,1194,1606,1273,2809,4082,1717,988,906,878,2208,8408,0.437,0.486,0.384,0.529,0.743,0.559
66,Mike Bibby,2001,2012,TOT,NBA,869,818,29049,4691,10776,3266,7063,1425,3713,2039,2524,426,2235,2661,4527,962,129,1741,1638,12846,0.435,0.462,0.384,0.501,0.808,0.54
67,Matt Carroll,2004,2012,TOT,NBA,458,84,7584,1030,2496,686,1600,344,896,609,724,147,716,863,312,223,60,297,703,3013,0.413,0.429,0.384,0.482,0.841,0.535
68,Courtney Lee,2009,2016,TOT,NBA,600,360,16396,2204,4897,1586,3287,618,1610,748,884,265,1293,1558,945,609,163,584,1024,5774,0.45,0.483,0.384,0.513,0.846,0.546
69,Kevin Martin,2005,2016,TOT,NBA,714,504,21559,3847,8797,2706,5828,1141,2969,3561,4091,401,1877,2278,1352,643,78,1200,1361,12396,0.437,0.464,0.384,0.502,0.87,0.585
70,Hedo Turkoglu,2001,2015,TOT,NBA,997,571,26695,3851,9034,2605,5788,1246,3246,2074,2645,647,3324,3971,2832,750,299,1578,2403,11022,0.426,0.45,0.384,0.495,0.784,0.54
71,Steve Blake,2004,2016,TOT,NBA,870,347,20823,2061,5145,1024,2436,1037,2709,503,646,250,1566,1816,3446,587,63,1222,1287,5662,0.401,0.42,0.383,0.501,0.779,0.521
72,Eric Gordon,2009,2016,TOT,NBA,417,398,14148,2360,5421,1583,3392,777,2029,1437,1765,195,855,1050,1371,443,119,929,835,6934,0.435,0.467,0.383,0.507,0.814,0.559
73,Roger Mason,2003,2014,TOT,NBA,518,103,9147,1196,2933,602,1384,594,1549,303,350,78,819,897,677,189,75,370,709,3289,0.408,0.435,0.383,0.509,0.866,0.533
74,Gary Neal,2011,2016,TOT,NBA,350,31,7489,1275,3014,815,1813,460,1201,456,537,81,678,759,572,145,10,365,524,3466,0.423,0.45,0.383,0.499,0.849,0.533
75,Brian Cook,2004,2012,TOT,NBA,421,74,5649,915,2083,653,1397,262,686,220,281,308,807,1115,252,135,134,252,789,2312,0.439,0.467,0.382,0.502,0.783,0.524
76,Cuttino Mobley,2001,2009,TOT,NBA,617,536,23666,3710,8558,2782,6131,928,2427,1852,2221,462,2041,2503,1686,747,258,1255,1441,10200,0.434,0.454,0.382,0.488,0.834,0.535
77,Martell Webster,2006,2015,TOT,NBA,580,266,13914,1696,4062,906,1995,790,2067,874,1105,352,1459,1811,588,299,160,536,1055,5056,0.418,0.454,0.382,0.515,0.791,0.556
78,Michael Finley,2001,2010,TOT,NBA,724,535,23085,3944,9031,2883,6244,1061,2787,1248,1505,553,2286,2839,1671,536,191,810,1045,10197,0.437,0.462,0.381,0.495,0.829,0.526
79,Jimmer Fredette,2012,2016,TOT,NBA,235,7,3148,516,1253,323,747,193,506,191,218,52,184,236,323,91,11,218,217,1416,0.412,0.432,0.381,0.489,0.876,0.525
80,Jason Terry,2001,2016,TOT,NBA,1204,648,37967,6501,14588,4378,9021,2123,5567,2626,3100,458,2496,2954,4912,1425,232,2198,2297,17751,0.446,0.485,0.381,0.518,0.847,0.556
81,Kevin Durant,2008,2016,TOT,NBA,641,641,24208,5912,12228,4769,9219,1143,3009,4599,5212,514,4004,4518,2363,774,639,2083,1213,17566,0.483,0.517,0.38,0.53,0.882,0.605
82,Danny Granger,2006,2015,TOT,NBA,586,431,18487,3332,7672,2326,5028,1006,2644,2185,2577,674,2214,2888,1097,561,481,1098,1628,9855,0.434,0.463,0.38,0.5,0.848,0.56
83,Richard Jefferson,2002,2016,TOT,NBA,1082,796,32516,4985,10732,4007,8156,978,2576,3478,4524,887,3613,4500,2319,759,336,1711,2473,14426,0.464,0.491,0.38,0.51,0.769,0.567
84,Chandler Parsons,2012,2016,TOT,NBA,340,324,11330,1873,3955,1295,2433,578,1522,552,783,331,1390,1721,1031,351,130,563,712,4876,0.474,0.532,0.38,0.547,0.705,0.567
85,Michael Redd,2001,2012,TOT,NBA,629,429,20104,4207,9405,3162,6654,1045,2751,2513,2998,622,1789,2411,1338,579,66,963,1002,11972,0.447,0.475,0.38,0.503,0.838,0.558
86,Marco Belinelli,2008,2016,TOT,NBA,570,216,13125,1940,4576,1189,2597,751,1979,798,972,130,1013,1143,933,331,35,595,875,5429,0.424,0.458,0.379,0.506,0.821,0.543
87,Mike James,2002,2014,TOT,NBA,595,286,14364,2139,5132,1452,3319,687,1813,898,1120,212,1112,1324,2075,458,38,895,1201,5863,0.417,0.437,0.379,0.484,0.802,0.521
88,Pablo Prigioni,2013,2016,TOT,NBA,270,51,4566,334,786,131,251,203,535,75,86,145,360,505,765,268,6,257,429,946,0.425,0.522,0.379,0.554,0.872,0.574
89,C.J. Watson,2008,2016,TOT,NBA,538,95,11081,1420,3369,981,2211,439,1158,784,970,202,865,1067,1371,516,65,603,810,4063,0.421,0.444,0.379,0.487,0.808,0.535
90,Derek Fisher,2001,2014,TOT,NBA,997,649,27104,3186,7943,2081,5019,1105,2924,1666,1983,308,1826,2134,2939,1095,84,1131,2226,9143,0.401,0.415,0.378,0.471,0.84,0.519
91,Kyrie Irving,2012,2016,CLE,NBA,309,309,10499,2338,5168,1792,3722,546,1446,1194,1380,229,831,1060,1696,421,102,851,672,6416,0.452,0.481,0.378,0.505,0.865,0.555
92,Scott Padgett,2001,2007,TOT,NBA,401,9,5181,635,1518,408,918,227,600,257,348,378,761,1139,300,168,78,231,626,1754,0.418,0.444,0.378,0.493,0.739,0.525
93,Vladimir Radmanovic,2002,2013,TOT,NBA,737,213,16164,2148,5177,1177,2610,971,2567,612,807,654,2130,2784,998,537,263,837,1552,5879,0.415,0.451,0.378,0.509,0.758,0.531
94,Mo Williams,2004,2016,TOT,NBA,818,525,23872,4051,9326,2957,6435,1094,2891,1563,1795,407,1857,2264,3990,721,121,1849,2005,10759,0.434,0.46,0.378,0.493,0.871,0.532
95,Ryan Anderson,2009,2016,TOT,NBA,484,159,12592,2202,5204,1222,2603,980,2601,953,1107,1023,1668,2691,437,272,181,494,969,6337,0.423,0.469,0.377,0.517,0.861,0.557
96,Chris Quinn,2007,2013,TOT,NBA,241,26,3303,381,956,220,529,161,427,169,209,30,236,266,455,102,8,137,249,1092,0.399,0.416,0.377,0.483,0.809,0.521
97,Terrence Ross,2013,2016,TOR,NBA,309,132,7237,1083,2587,581,1254,502,1333,205,258,131,676,807,274,214,91,251,561,2873,0.419,0.463,0.377,0.516,0.795,0.532
98,Harrison Barnes,2013,2016,GSW,NBA,307,246,8622,1158,2596,871,1832,287,764,484,655,313,1109,1422,447,219,63,313,580,3087,0.446,0.475,0.376,0.501,0.739,0.535
99,Mike Dunleavy,2003,2016,TOT,NBA,933,583,26499,3842,8706,2591,5380,1251,3326,1838,2288,680,3416,4096,2135,704,317,1341,1919,10773,0.441,0.482,0.376,0.513,0.803,0.555
100,Wayne Ellington,2010,2016,TOT,NBA,453,112,8882,1225,2980,773,1779,452,1201,319,376,157,802,959,490,216,30,316,486,3221,0.411,0.435,0.376,0.487,0.848,0.512
101,George Hill,2009,2016,TOT,NBA,550,325,15813,2197,4884,1545,3152,652,1732,1164,1452,310,1447,1757,1799,505,165,704,1175,6210,0.45,0.49,0.376,0.517,0.802,0.562
102,Kirk Hinrich,2004,2016,TOT,NBA,879,665,27015,3503,8522,2331,5400,1172,3122,1416,1770,310,2266,2576,4245,972,243,1617,2487,9594,0.411,0.432,0.375,0.48,0.8,0.516
103,Bostjan Nachbar,2003,2008,TOT,NBA,317,25,5628,744,1834,419,967,325,867,439,560,126,710,836,283,135,84,280,698,2252,0.406,0.433,0.375,0.494,0.784,0.541
104,Mehmet Okur,2003,2012,TOT,NBA,634,460,18429,3028,6615,2432,5025,596,1590,1909,2396,1261,3175,4436,1089,329,453,991,1815,8561,0.458,0.484,0.375,0.503,0.797,0.558
105,J.R. Smith,2005,2016,TOT,NBA,839,295,22543,3983,9413,2304,4937,1679,4476,1399,1907,448,2254,2702,1850,854,179,1193,1929,11044,0.423,0.467,0.375,0.512,0.734,0.539
106,Mirza Teletovic,2013,2016,TOT,NBA,244,12,4473,746,1810,330,700,416,1110,206,274,175,682,857,215,88,68,211,429,2114,0.412,0.471,0.375,0.527,0.752,0.548
107,Chris Whitney,2001,2004,TOT,NBA,208,138,4941,597,1520,315,767,282,753,317,362,29,311,340,721,162,13,265,430,1793,0.393,0.411,0.375,0.486,0.876,0.534
108,Shammond Williams,2001,2007,TOT,NBA,280,23,4830,592,1458,360,839,232,619,248,301,94,372,466,686,178,14,291,340,1664,0.406,0.429,0.375,0.486,0.824,0.523
109,D.J. Augustin,2009,2016,TOT,NBA,573,170,13852,1824,4510,1123,2638,701,1872,1249,1440,153,888,1041,2282,351,24,880,873,5598,0.404,0.426,0.374,0.482,0.867,0.544
110,Darren Collison,2010,2016,TOT,NBA,495,314,14572,2306,4926,1919,3890,387,1036,1250,1468,236,1087,1323,2404,550,73,1057,828,6249,0.468,0.493,0.374,0.507,0.851,0.561
111,Jordan Farmar,2007,2016,TOT,NBA,502,40,9805,1456,3440,877,1890,579,1550,385,521,160,795,955,1444,389,56,692,712,3876,0.423,0.464,0.374,0.507,0.739,0.528
112,Patrick Beverley,2013,2016,HOU,NBA,224,173,6232,740,1796,373,812,367,984,222,291,257,535,792,699,267,93,284,673,2069,0.412,0.459,0.373,0.514,0.763,0.538
113,Vince Carter,2001,2016,TOT,NBA,1142,823,36450,7550,17332,5727,12445,1823,4887,4026,5016,1311,3843,5154,3906,1196,605,2135,3102,20949,0.436,0.46,0.373,0.488,0.803,0.536
114,Mike Conley,2008,2016,MEM,NBA,637,608,20693,3164,7187,2428,5215,736,1972,1571,1948,269,1551,1820,3578,963,118,1282,1275,8635,0.44,0.466,0.373,0.491,0.806,0.537
115,Zach LaVine,2015,2016,MIN,NBA,159,73,4196,719,1636,539,1153,180,483,310,380,54,388,442,527,123,27,348,351,1928,0.439,0.467,0.373,0.494,0.816,0.535
116,O.J. Mayo,2009,2016,TOT,NBA,547,325,16919,2808,6547,1954,4260,854,2287,1104,1346,285,1421,1706,1607,559,141,1130,1239,7574,0.429,0.459,0.373,0.494,0.82,0.53
117,Jodie Meeks,2010,2016,TOT,NBA,418,194,10149,1384,3281,745,1568,639,1713,716,812,127,778,905,460,349,27,335,531,4123,0.422,0.475,0.373,0.519,0.882,0.567
118,Reggie Miller,2001,2005,IND,NBA,376,376,12546,1786,4039,1093,2182,693,1857,1222,1336,118,902,1020,1078,346,45,464,599,5487,0.442,0.501,0.373,0.528,0.915,0.593
119,Andres Nocioni,2005,2012,TOT,NBA,514,203,12013,1932,4478,1345,2904,587,1574,964,1206,354,1941,2295,614,215,228,724,1394,5415,0.431,0.463,0.373,0.497,0.799,0.541
120,Kelly Olynyk,2014,2016,BOS,NBA,203,30,4218,738,1586,552,1087,186,499,288,386,304,645,949,323,151,99,278,603,1950,0.465,0.508,0.373,0.524,0.746,0.555
121,Morris Peterson,2001,2011,TOT,NBA,711,488,19366,2747,6567,1738,3865,1009,2702,1125,1456,569,1914,2483,1090,639,136,716,1606,7628,0.418,0.45,0.373,0.495,0.773,0.529
122,Tim Thomas,2001,2010,TOT,NBA,617,333,16652,2673,6206,1857,4018,816,2188,1144,1493,551,2082,2633,1023,470,240,924,1742,7306,0.431,0.462,0.373,0.496,0.766,0.532
123,Brian Cardinal,2001,2012,TOT,NBA,456,37,6477,664,1628,421,975,243,653,537,624,286,764,1050,465,295,69,330,890,2108,0.408,0.432,0.372,0.482,0.861,0.554
124,Joe Johnson,2002,2016,TOT,NBA,1143,1073,41186,7403,16733,5571,11805,1832,4928,2680,3346,1020,3624,4644,4774,1017,235,2333,2092,19318,0.442,0.472,0.372,0.497,0.801,0.531
125,Cartier Martin,2009,2015,TOT,NBA,243,15,3351,430,1098,212,512,218,586,151,207,88,375,463,121,97,27,128,317,1229,0.392,0.414,0.372,0.491,0.729,0.517
126,Keith Van Horn,2001,2006,TOT,NBA,391,279,11467,2069,4603,1641,3453,428,1150,970,1181,666,1801,2467,571,301,157,720,1128,5536,0.449,0.475,0.372,0.496,0.821,0.54
127,Charlie Ward,2001,2005,TOT,NBA,275,62,5627,617,1557,296,694,321,863,175,221,90,556,646,1040,295,46,396,507,1730,0.396,0.427,0.372,0.499,0.792,0.523
128,Delonte West,2005,2012,TOT,NBA,432,258,11842,1601,3571,1225,2559,376,1012,620,751,213,1052,1265,1540,465,179,702,828,4198,0.448,0.479,0.372,0.501,0.826,0.538
129,Joe Ingles,2015,2016,UTA,NBA,160,34,2914,271,645,118,233,153,412,43,58,41,285,326,278,127,14,163,222,738,0.42,0.506,0.371,0.539,0.741,0.55
130,Bryant Stith,2001,2002,TOT,NBA,128,79,3169,315,799,200,489,115,310,219,259,85,284,369,210,122,20,120,224,964,0.394,0.409,0.371,0.466,0.846,0.528
131,Bojan Bogdanovic,2015,2016,BRK,NBA,157,67,3969,585,1325,365,731,220,594,197,238,86,382,468,167,63,14,193,223,1587,0.442,0.499,0.37,0.525,0.828,0.555
132,Aaron Brooks,2008,2016,TOT,NBA,548,182,12356,2112,5109,1351,3050,761,2059,877,1044,229,764,993,1780,328,78,923,1096,5862,0.413,0.443,0.37,0.488,0.84,0.526
133,Ersan Ilyasova,2007,2016,TOT,NBA,527,313,12721,2128,4796,1604,3380,524,1416,831,1082,1001,2141,3142,572,375,204,513,1330,5611,0.444,0.475,0.37,0.498,0.768,0.532
134,Eddie Jones,2001,2008,TOT,NBA,538,496,18017,2556,6057,1655,3623,901,2434,1403,1708,331,1879,2210,1431,694,283,765,1452,7416,0.422,0.457,0.37,0.496,0.821,0.545
135,Voshon Lenard,2001,2006,TOT,NBA,316,178,8670,1455,3574,992,2321,463,1253,568,727,184,695,879,662,266,80,430,649,3941,0.407,0.427,0.37,0.472,0.781,0.506
136,Damian Lillard,2013,2016,POR,NBA,321,321,11705,2314,5426,1486,3187,828,2239,1400,1609,171,1054,1225,2007,300,90,900,698,6856,0.426,0.466,0.37,0.503,0.87,0.559
137,Kendall Marshall,2013,2016,TOT,NBA,160,57,3083,315,789,187,443,128,346,44,72,23,230,253,779,107,10,285,180,802,0.399,0.422,0.37,0.48,0.611,0.489
138,Glen Rice,2001,2004,TOT,NBA,175,71,4612,614,1452,408,895,206,557,259,312,103,446,549,209,82,21,188,334,1693,0.423,0.456,0.37,0.494,0.83,0.533
139,Jason Richardson,2002,2015,TOT,NBA,857,842,29241,5558,12681,3950,8337,1608,4344,1920,2714,1033,3212,4245,2284,995,367,1503,1963,14644,0.438,0.474,0.37,0.502,0.707,0.528
140,Bryon Russell,2001,2005,TOT,NBA,356,112,7830,831,2086,514,1229,317,857,501,636,298,853,1151,511,306,69,350,804,2480,0.398,0.418,0.37,0.474,0.788,0.524
141,Kyle Singler,2013,2016,TOT,NBA,312,170,7350,802,1911,512,1127,290,784,321,404,308,660,968,261,195,105,264,701,2215,0.42,0.454,0.37,0.496,0.795,0.53
142,Sasha Vujacic,2005,2016,TOT,NBA,539,54,8500,1033,2621,523,1244,510,1377,394,455,193,841,1034,696,323,32,312,842,2970,0.394,0.42,0.37,0.491,0.866,0.526
143,Nick Young,2008,2016,TOT,NBA,576,133,13433,2418,5790,1675,3781,743,2009,1234,1481,215,948,1163,591,319,113,634,1075,6813,0.418,0.443,0.37,0.482,0.833,0.529
144,DeMarre Carroll,2010,2016,TOT,NBA,330,186,7570,1005,2216,715,1431,290,785,388,539,405,883,1288,391,344,78,251,668,2688,0.454,0.5,0.369,0.519,0.72,0.548
145,Randy Foye,2007,2016,TOT,NBA,683,393,17995,2586,6425,1549,3611,1037,2814,1163,1366,236,1295,1531,1977,493,211,1026,1485,7372,0.402,0.429,0.369,0.483,0.851,0.525
146,Manu Ginobili,2003,2016,SAS,NBA,923,349,24269,4212,9360,2870,5724,1342,3636,3184,3851,638,2760,3398,3655,1267,287,1915,1967,12950,0.45,0.501,0.369,0.522,0.827,0.586
147,Kerry Kittles,2002,2005,TOT,NBA,240,221,7637,1232,2683,952,1925,280,758,347,453,177,709,886,612,364,104,266,374,3091,0.459,0.495,0.369,0.511,0.766,0.536
148,Raef LaFrentz,2001,2008,TOT,NBA,470,346,11723,1776,3773,1370,2672,406,1101,560,782,791,1900,2691,501,225,722,406,1533,4518,0.471,0.513,0.369,0.525,0.716,0.549
149,E'Twaun Moore,2012,2016,TOT,NBA,307,46,5286,724,1695,523,1150,201,545,140,189,112,403,515,484,179,63,248,409,1789,0.427,0.455,0.369,0.486,0.741,0.503
150,Henry Walker,2009,2015,TOT,NBA,181,35,3016,386,865,196,350,190,515,117,154,55,346,401,153,93,27,142,375,1079,0.446,0.56,0.369,0.556,0.76,0.578
151,Omri Casspi,2010,2016,TOT,NBA,463,136,10056,1435,3249,982,2018,453,1231,607,896,399,1529,1928,548,301,103,506,761,3930,0.442,0.487,0.368,0.511,0.677,0.539
152,Gordan Giricek,2003,2008,TOT,NBA,384,191,8824,1424,3225,1135,2439,289,786,533,648,167,774,941,584,222,47,517,749,3670,0.442,0.465,0.368,0.486,0.823,0.523
153,James Harden,2010,2016,TOT,NBA,534,321,17741,3331,7520,2211,4475,1120,3045,3480,4070,380,2054,2434,2620,784,237,1604,1349,11262,0.443,0.494,0.368,0.517,0.855,0.605
154,Jrue Holiday,2010,2016,TOT,NBA,437,370,14067,2442,5564,1975,4294,467,1270,811,1012,357,1179,1536,2659,632,154,1164,1013,6162,0.439,0.46,0.368,0.481,0.801,0.513
155,Donyell Marshall,2001,2009,TOT,NBA,577,221,15053,2462,5375,1830,3656,632,1719,905,1224,1090,2785,3875,705,488,505,724,1308,6461,0.458,0.501,0.368,0.517,0.739,0.546
156,Rashad McCants,2006,2009,TOT,NBA,249,39,5037,923,2144,631,1351,292,793,341,460,114,392,506,331,183,61,362,584,2479,0.431,0.467,0.368,0.499,0.741,0.528
157,Jameer Nelson,2005,2016,TOT,NBA,753,600,21481,3427,7844,2421,5107,1006,2737,1146,1408,385,1914,2299,3944,691,56,1636,1917,9006,0.437,0.474,0.368,0.501,0.814,0.532
158,Paul Pierce,2001,2016,TOT,NBA,1197,1159,41388,7870,17649,5922,12360,1948,5289,6410,7920,891,5883,6774,4362,1514,628,3225,3227,24098,0.446,0.479,0.368,0.501,0.809,0.57
159,Patrick Patterson,2011,2016,TOT,NBA,412,65,9835,1362,2918,1045,2054,317,864,260,347,632,1308,1940,502,243,226,325,764,3301,0.467,0.509,0.367,0.521,0.749,0.538
160,Tayshaun Prince,2003,2016,TOT,NBA,1017,902,31576,4583,10082,4014,8532,569,1550,1537,2033,1125,3207,4332,2406,571,500,1064,1251,11272,0.455,0.47,0.367,0.483,0.756,0.513
161,Danilo Gallinari,2009,2016,TOT,NBA,397,327,12188,1785,4297,1075,2359,710,1938,1628,1905,313,1513,1826,764,335,187,521,780,5908,0.415,0.456,0.366,0.498,0.855,0.575
162,Ty Lawson,2010,2016,TOT,NBA,482,320,14356,2259,4902,1820,3701,439,1201,1339,1747,307,1020,1327,2982,562,46,1030,779,6296,0.461,0.492,0.366,0.506,0.766,0.555
163,John Salmons,2003,2015,TOT,NBA,895,429,23672,3007,6979,2281,4993,726,1986,1552,1942,435,2168,2603,2183,756,239,1185,1667,8292,0.431,0.457,0.366,0.483,0.799,0.529
164,Salim Stoudamire,2006,2008,ATL,NBA,157,1,2672,446,1097,279,641,167,456,201,228,22,192,214,164,55,10,158,240,1260,0.407,0.435,0.366,0.483,0.882,0.526
165,Chucky Atkins,2001,2010,TOT,NBA,614,325,15678,2165,5281,1288,2879,877,2402,874,1125,174,886,1060,2090,413,33,876,1147,6081,0.41,0.447,0.365,0.493,0.777,0.526
166,Jerryd Bayless,2009,2016,TOT,NBA,510,81,10833,1517,3656,1103,2523,414,1133,912,1106,147,934,1081,1488,329,65,738,1055,4360,0.415,0.437,0.365,0.472,0.825,0.526
167,Alec Burks,2012,2016,UTA,NBA,259,42,5965,954,2210,798,1783,156,427,687,915,188,569,757,504,166,41,377,523,2751,0.432,0.448,0.365,0.467,0.751,0.526
168,Chris Copeland,2013,2016,TOT,NBA,171,26,2111,366,858,212,436,154,422,112,149,65,207,272,107,32,30,129,237,998,0.427,0.486,0.365,0.516,0.752,0.54
169,Carlos Delfino,2005,2013,TOT,NBA,507,170,11580,1472,3669,794,1813,678,1856,493,650,287,1528,1815,887,461,88,509,827,4115,0.401,0.438,0.365,0.494,0.758,0.52
170,Anthony Johnson,2001,2010,TOT,NBA,611,179,11764,1330,3133,1047,2358,283,775,517,685,205,856,1061,1766,419,75,649,976,3460,0.425,0.444,0.365,0.47,0.755,0.504
171,Aaron McKie,2001,2006,TOT,NBA,361,133,9590,1173,2601,937,1955,236,646,452,579,188,1110,1298,1143,431,71,541,694,3034,0.451,0.479,0.365,0.496,0.781,0.531
172,Chris Paul,2006,2016,TOT,NBA,773,773,27725,5119,10829,4246,8439,873,2390,3395,3929,528,2852,3380,7688,1793,82,1877,1909,14506,0.473,0.503,0.365,0.513,0.864,0.578
173,Quincy Pondexter,2011,2015,TOT,NBA,279,47,5042,528,1244,326,691,202,553,208,284,184,383,567,230,103,46,154,416,1466,0.424,0.472,0.365,0.506,0.732,0.535
174,Jalen Rose,2001,2007,TOT,NBA,485,411,16883,3110,7165,2572,5691,538,1474,1744,2097,257,1602,1859,1920,364,158,1209,1304,8502,0.434,0.452,0.365,0.472,0.832,0.526
175,David Wesley,2001,2007,TOT,NBA,469,421,15802,2229,5462,1595,3723,634,1739,1064,1350,239,878,1117,1529,549,73,772,1146,6156,0.408,0.428,0.365,0.466,0.788,0.508
176,Dorell Wright,2005,2015,TOT,NBA,543,222,12207,1649,3888,1032,2197,617,1691,664,820,373,1700,2073,848,416,271,469,782,4579,0.424,0.47,0.365,0.503,0.81,0.539
177,Ricky Davis,2001,2010,TOT,NBA,642,339,20800,3572,8023,2991,6425,581,1598,1751,2239,497,1886,2383,2306,672,172,1506,1345,9476,0.445,0.466,0.364,0.481,0.782,0.526
178,Paul George,2011,2016,IND,NBA,373,325,12003,2153,5070,1451,3141,702,1929,1307,1560,328,1996,2324,1168,621,167,921,984,6315,0.425,0.462,0.364,0.494,0.838,0.549
179,Jamal Mashburn,2001,2004,TOT,NBA,217,215,8641,1702,4116,1420,3342,282,774,868,1054,208,1225,1433,1091,227,41,588,503,4554,0.414,0.425,0.364,0.448,0.824,0.497
180,Erick Strickland,2001,2005,TOT,NBA,305,19,5333,627,1635,390,984,237,651,365,436,87,573,660,693,194,13,358,510,1856,0.383,0.396,0.364,0.456,0.837,0.508
181,Isaiah Canaan,2014,2016,TOT,NBA,146,60,3156,437,1187,152,401,285,786,220,269,45,240,285,257,93,19,174,241,1379,0.368,0.379,0.363,0.488,0.818,0.528
182,Robert Covington,2014,2016,TOT,NBA,144,98,3893,579,1482,238,543,341,939,318,394,132,608,740,202,204,71,272,424,1817,0.391,0.438,0.363,0.506,0.807,0.549
183,Chris Duhon,2005,2013,TOT,NBA,606,319,15526,1353,3440,704,1652,649,1788,591,754,200,1164,1364,2690,471,36,925,965,3946,0.393,0.426,0.363,0.488,0.784,0.523
184,Maurice Evans,2002,2012,TOT,NBA,562,123,10918,1429,3231,1003,2059,426,1172,463,590,559,825,1384,420,294,88,278,956,3747,0.442,0.487,0.363,0.508,0.785,0.537
185,Kevin Love,2009,2016,TOT,NBA,516,434,16889,3140,7067,2398,5021,742,2046,2429,2981,1636,4310,5946,1252,351,253,1017,1110,9451,0.444,0.478,0.363,0.497,0.815,0.564
186,Marcus Morris,2012,2016,TOT,NBA,337,139,8351,1267,2939,860,1818,407,1121,467,668,333,1068,1401,487,249,79,389,687,3408,0.431,0.473,0.363,0.5,0.699,0.527
187,Reggie Williams,2010,2015,TOT,NBA,200,32,3657,591,1290,397,756,194,534,195,261,103,384,487,297,85,13,142,239,1571,0.458,0.525,0.363,0.533,0.747,0.559
188,Rasual Butler,2003,2016,TOT,NBA,809,266,17219,2293,5686,1382,3166,911,2520,595,796,297,1637,1934,658,288,408,528,1132,6092,0.403,0.437,0.362,0.483,0.747,0.505
189,Walter McCarty,2001,2006,TOT,NBA,383,35,6304,629,1581,278,612,351,969,185,277,192,750,942,370,215,84,255,728,1794,0.398,0.454,0.362,0.509,0.668,0.527
190,Isaiah Thomas,2012,2016,TOT,NBA,365,233,10645,2044,4678,1423,2963,621,1715,1529,1771,203,732,935,1829,361,33,821,790,6238,0.437,0.48,0.362,0.503,0.863,0.572
191,Nick Van Exel,2001,2006,TOT,NBA,373,182,11070,1840,4552,1267,2971,573,1581,671,858,149,910,1059,1946,227,38,671,486,4924,0.404,0.426,0.362,0.467,0.782,0.499
192,Charlie Bell,2002,2011,TOT,NBA,376,137,9368,1192,2891,754,1678,438,1213,382,497,180,634,814,857,303,31,362,750,3204,0.412,0.449,0.361,0.488,0.769,0.515
193,Gerald Green,2006,2016,TOT,NBA,497,116,10086,1818,4323,1161,2505,657,1818,685,841,257,983,1240,498,269,150,610,967,4978,0.421,0.463,0.361,0.497,0.815,0.53
194,Royal Ivey,2005,2014,TOT,NBA,492,114,6162,622,1531,460,1082,162,449,235,333,147,410,557,501,230,38,255,757,1641,0.406,0.425,0.361,0.459,0.706,0.489
195,Juan Carlos Navarro,2008,2008,MEM,NBA,82,30,2117,308,766,152,334,156,432,124,146,34,176,210,177,48,1,134,94,896,0.402,0.455,0.361,0.504,0.849,0.54
196,Damon Stoudamire,2001,2008,TOT,NBA,528,443,16046,2201,5512,1489,3539,712,1973,854,993,369,1351,1720,2712,493,37,1002,973,5968,0.399,0.421,0.361,0.464,0.86,0.502
197,Nicolas Batum,2009,2016,TOT,NBA,551,498,17276,2301,5202,1411,2732,890,2470,944,1129,636,2224,2860,1849,508,397,985,1036,6436,0.442,0.516,0.36,0.528,0.836,0.565
198,Avery Bradley,2011,2016,BOS,NBA,358,285,9784,1666,3803,1254,2659,412,1144,370,474,210,720,930,581,378,76,477,744,4114,0.438,0.472,0.36,0.492,0.781,0.513
199,Toney Douglas,2010,2016,TOT,NBA,370,65,7117,1050,2588,613,1374,437,1214,355,431,200,614,814,833,331,25,389,725,2892,0.406,0.446,0.36,0.49,0.824,0.521
200,Rudy Fernandez,2009,2012,TOT,NBA,249,10,5965,740,1853,327,706,413,1147,361,430,128,480,608,554,249,40,286,369,2254,0.399,0.463,0.36,0.511,0.84,0.552
201,Gordon Hayward,2011,2016,UTA,NBA,443,335,13648,2176,4973,1636,3474,540,1499,1584,1943,328,1427,1755,1510,454,195,919,806,6476,0.438,0.471,0.36,0.492,0.815,0.556
202,Rodney Hood,2015,2016,UTA,NBA,129,100,3605,563,1346,340,727,223,619,233,280,47,337,384,296,103,28,170,321,1582,0.418,0.468,0.36,0.501,0.832,0.538
203,Bobby Jackson,2001,2009,TOT,NBA,564,68,12773,2164,5116,1519,3323,645,1793,859,1084,452,1305,1757,1289,512,47,697,1023,5832,0.423,0.457,0.36,0.486,0.792,0.521
204,Brandon Knight,2012,2016,TOT,NBA,328,315,10799,1883,4522,1303,2909,580,1613,879,1091,197,962,1159,1499,327,65,930,695,5225,0.416,0.448,0.36,0.481,0.806,0.522
205,Nate Robinson,2006,2016,TOT,NBA,618,107,13878,2458,5811,1647,3556,811,2255,1080,1357,385,1061,1446,1826,543,42,876,1482,6807,0.423,0.463,0.36,0.493,0.796,0.531
206,Daequan Cook,2008,2013,TOT,NBA,328,49,5993,758,2056,316,824,442,1232,156,192,75,628,703,243,120,48,177,478,2114,0.369,0.383,0.359,0.476,0.813,0.494
207,Marcus Thornton,2010,2016,TOT,NBA,450,134,10724,2040,4793,1333,2822,707,1971,744,897,385,887,1272,636,386,58,466,691,5531,0.426,0.472,0.359,0.499,0.829,0.533
208,Mario Chalmers,2009,2016,TOT,NBA,580,390,15824,1768,4198,1066,2236,702,1962,998,1269,198,1230,1428,2215,871,89,1085,1577,5236,0.421,0.477,0.358,0.505,0.786,0.55
209,Tim Hardaway,2001,2003,TOT,NBA,155,93,4341,652,1711,329,809,323,902,224,282,41,302,343,785,156,16,311,272,1851,0.381,0.407,0.358,0.475,0.794,0.504
210,Kareem Rush,2003,2010,TOT,NBA,346,78,5956,876,2189,588,1384,288,805,173,246,104,468,572,353,150,74,298,459,2213,0.4,0.425,0.358,0.466,0.703,0.482
211,Doug Christie,2001,2007,TOT,NBA,390,375,13019,1377,3143,1055,2241,322,902,855,993,342,1259,1601,1573,766,168,732,932,3931,0.438,0.471,0.357,0.489,0.861,0.549
212,Rick Fox,2001,2004,LAL,NBA,278,268,7607,877,2058,574,1209,303,849,239,306,263,876,1139,896,235,68,437,783,2296,0.426,0.475,0.357,0.5,0.781,0.524
213,Francisco Garcia,2006,2015,TOT,NBA,549,137,11853,1564,3659,983,2032,581,1627,614,768,278,1122,1400,747,441,388,545,1229,4323,0.427,0.484,0.357,0.507,0.799,0.541
214,Jordan Hamilton,2012,2016,TOT,NBA,151,21,2100,342,839,205,455,137,384,69,103,89,340,429,127,73,34,102,144,890,0.408,0.451,0.357,0.489,0.67,0.503
215,Anthony Tolliver,2009,2016,TOT,NBA,455,69,8913,924,2257,442,906,482,1351,414,538,392,1205,1597,393,167,140,275,746,2744,0.409,0.488,0.357,0.516,0.77,0.55
216,Deron Williams,2006,2016,TOT,NBA,781,727,27208,4611,10364,3518,7302,1093,3062,2788,3393,339,2133,2472,6459,836,198,2264,1994,13103,0.445,0.482,0.357,0.498,0.822,0.553
217,Jarvis Hayes,2004,2010,TOT,NBA,427,115,9898,1397,3363,1005,2262,392,1101,367,460,244,1086,1330,459,312,56,374,852,3553,0.415,0.444,0.356,0.474,0.798,0.498
218,Kyle Lowry,2007,2016,TOT,NBA,653,417,19814,2847,6794,1903,4141,944,2653,2180,2738,549,2073,2622,3706,892,172,1409,1772,8818,0.419,0.46,0.356,0.489,0.796,0.551
219,Jannero Pargo,2003,2015,TOT,NBA,499,18,7449,1228,3140,828,2016,400,1124,319,369,112,589,701,986,250,28,560,648,3175,0.391,0.411,0.356,0.455,0.864,0.481
220,Clifford Robinson,2001,2007,TOT,NBA,526,356,15784,2195,5389,1639,3829,556,1560,810,1186,459,1499,1958,1222,449,454,826,1482,5756,0.407,0.428,0.356,0.459,0.683,0.487
221,Ime Udoka,2004,2011,TOT,NBA,316,80,5711,614,1471,396,859,218,612,189,268,219,707,926,308,208,54,221,528,1635,0.417,0.461,0.356,0.492,0.705,0.515
222,Rafer Alston,2001,2010,TOT,NBA,644,452,19031,2423,6296,1430,3495,993,2801,900,1234,242,1626,1868,3132,801,105,1166,1379,6739,0.385,0.409,0.355,0.464,0.729,0.493
223,Goran Dragic,2009,2016,TOT,NBA,574,338,15408,2651,5632,2069,3994,582,1638,1264,1688,424,1194,1618,2692,589,111,1256,1312,7148,0.471,0.518,0.355,0.522,0.749,0.561
224,Lucious Harris,2001,2005,TOT,NBA,366,94,8229,1117,2644,921,2092,196,552,514,633,261,727,988,590,248,38,278,463,2944,0.422,0.44,0.355,0.46,0.812,0.504
225,Serge Ibaka,2010,2016,OKC,NBA,524,413,15099,2558,4888,2376,4376,182,512,756,1015,1267,2608,3875,309,224,1300,671,1491,6054,0.523,0.543,0.355,0.542,0.745,0.567
226,Sarunas Jasikevicius,2006,2007,TOT,NBA,138,18,2530,298,751,168,385,130,366,207,228,34,188,222,399,66,5,206,183,933,0.397,0.436,0.355,0.483,0.908,0.548
227,Jason Kidd,2001,2013,TOT,NBA,977,946,34651,4166,10466,2616,6105,1550,4361,2019,2490,1058,5103,6161,8243,1824,307,2646,1759,11901,0.398,0.429,0.355,0.472,0.811,0.515
228,Nikola Mirotic,2015,2016,CHI,NBA,148,41,3300,501,1233,267,574,234,659,374,465,121,645,766,197,112,100,191,323,1610,0.406,0.465,0.355,0.501,0.804,0.56
229,Mickael Pietrus,2004,2013,TOT,NBA,557,172,11950,1625,3821,946,1911,679,1910,700,1053,440,1283,1723,445,371,230,576,1270,4629,0.425,0.495,0.355,0.514,0.665,0.54
230,Quentin Richardson,2001,2013,TOT,NBA,783,486,20785,2923,7360,1756,4072,1167,3288,1019,1420,933,2733,3666,1138,607,148,868,1529,8032,0.397,0.431,0.355,0.476,0.718,0.503
231,Jeff Teague,2010,2016,ATL,NBA,518,383,13518,2280,5092,1860,3908,420,1184,1311,1564,159,955,1114,2671,613,173,1133,954,6291,0.448,0.476,0.355,0.489,0.838,0.544
232,Derek Anderson,2001,2008,TOT,NBA,447,306,12957,1678,4162,1126,2602,552,1560,1190,1409,285,1149,1434,1491,467,59,675,872,5098,0.403,0.433,0.354,0.469,0.845,0.533
233,Andrea Bargnani,2007,2016,TOT,NBA,550,377,15806,2932,6676,2305,4905,627,1771,1382,1677,530,2011,2541,653,207,470,851,1338,7873,0.439,0.47,0.354,0.486,0.824,0.531
234,Howard Eisley,2001,2006,TOT,NBA,376,140,8557,947,2437,603,1465,344,972,394,476,94,590,684,1431,306,40,534,822,2632,0.389,0.412,0.354,0.459,0.828,0.497
235,Al Harrington,2001,2014,TOT,NBA,910,445,26995,4889,10998,3920,8259,969,2739,2117,2904,1428,3856,5284,1606,829,235,1762,2913,12864,0.445,0.475,0.354,0.489,0.729,0.524
236,Marvin Williams,2006,2016,TOT,NBA,785,598,22596,2979,6686,2379,4989,600,1697,1715,2138,1007,3079,4086,1019,603,395,815,1646,8273,0.446,0.477,0.354,0.49,0.802,0.542
237,Keith Bogans,2004,2014,TOT,NBA,671,333,14527,1482,3759,768,1739,714,2020,579,809,391,1426,1817,866,429,68,574,1223,4257,0.394,0.442,0.353,0.489,0.716,0.517
238,Tony Delk,2001,2006,TOT,NBA,325,79,7842,1229,3007,876,2006,353,1001,491,626,233,705,938,603,287,48,319,590,3302,0.409,0.437,0.353,0.467,0.784,0.503
239,Travis Diener,2006,2010,TOT,NBA,179,21,2660,298,768,134,303,164,465,94,111,39,204,243,432,76,9,99,200,854,0.388,0.442,0.353,0.495,0.847,0.523
240,Spencer Hawes,2008,2016,TOT,NBA,630,367,14744,2317,5086,1983,4141,334,945,627,885,953,2749,3702,1190,249,622,922,1632,5595,0.456,0.479,0.353,0.488,0.708,0.511
241,Jonas Jerebko,2010,2016,TOT,NBA,410,88,7739,1029,2245,808,1619,221,626,453,591,579,1137,1716,316,245,106,329,839,2732,0.458,0.499,0.353,0.508,0.766,0.545
242,Fred Jones,2003,2009,TOT,NBA,430,78,10299,1090,2651,744,1672,346,979,680,841,157,801,958,990,336,115,511,831,3206,0.411,0.445,0.353,0.476,0.809,0.531
243,Brian Roberts,2013,2016,TOT,NBA,273,57,4791,707,1709,507,1143,200,566,303,331,53,330,383,669,123,18,246,350,1917,0.414,0.444,0.353,0.472,0.915,0.517
244,Trevor Ariza,2005,2016,TOT,NBA,795,494,22766,2973,6955,2021,4251,952,2704,1313,1835,873,2888,3761,1674,1179,262,1154,1624,8211,0.427,0.475,0.352,0.496,0.716,0.529
245,Chase Budinger,2010,2016,TOT,NBA,407,50,7998,1188,2766,775,1594,413,1172,409,513,238,1002,1240,473,213,65,310,485,3198,0.43,0.486,0.352,0.504,0.797,0.534
246,Casey Jacobsen,2003,2008,TOT,NBA,287,14,5320,476,1210,267,616,209,594,327,425,118,398,516,304,121,24,210,372,1488,0.393,0.433,0.352,0.48,0.769,0.533
247,C.J. Miles,2006,2016,TOT,NBA,639,270,13152,2244,5400,1405,3014,839,2386,864,1082,298,1225,1523,763,482,189,611,1413,6191,0.416,0.466,0.352,0.493,0.799,0.527
248,Greg Anthony,2001,2002,TOT,NBA,118,38,2370,280,728,167,406,113,322,83,126,43,150,193,364,117,8,137,177,756,0.385,0.411,0.351,0.462,0.659,0.482
249,Gilbert Arenas,2002,2012,TOT,NBA,552,455,19351,3722,8850,2643,5773,1079,3077,2879,3584,444,1724,2168,2909,884,134,1744,1683,11402,0.421,0.458,0.351,0.482,0.803,0.547
250,J.J. Barea,2007,2016,TOT,NBA,660,85,12711,2141,5060,1560,3404,581,1656,733,921,206,1109,1315,2320,255,17,948,978,5596,0.423,0.458,0.351,0.481,0.796,0.512
251,Kent Bazemore,2013,2016,TOT,NBA,278,93,4585,651,1515,441,916,210,599,276,404,64,676,740,362,210,88,308,432,1788,0.43,0.481,0.351,0.499,0.683,0.528
252,Austin Daye,2010,2015,TOT,NBA,293,29,4132,567,1410,379,875,188,535,200,257,143,621,764,212,116,117,204,480,1522,0.402,0.433,0.351,0.469,0.778,0.5
253,D'Angelo Russell,2016,2016,LAL,NBA,80,48,2259,392,956,262,586,130,370,140,190,47,227,274,266,93,13,196,142,1054,0.41,0.447,0.351,0.478,0.737,0.507
254,Tony Snell,2014,2016,CHI,NBA,213,67,3944,414,1046,228,516,186,530,105,129,69,430,499,193,77,43,144,270,1119,0.396,0.442,0.351,0.485,0.814,0.507
255,Earl Boykins,2001,2012,TOT,NBA,604,34,12482,1990,4785,1617,3719,373,1066,1235,1407,256,578,834,2011,372,33,719,616,5588,0.416,0.435,0.35,0.455,0.878,0.517
256,Tim Hardaway,2014,2016,TOT,NBA,202,32,4420,687,1669,388,815,299,854,281,340,38,325,363,244,85,28,152,311,1954,0.412,0.476,0.35,0.501,0.826,0.537
257,Brandon Jennings,2010,2016,TOT,NBA,460,416,14837,2531,6492,1705,4129,826,2363,1263,1581,295,1137,1432,2712,603,90,1057,869,7151,0.39,0.413,0.35,0.453,0.799,0.497
258,Eric Maynor,2010,2014,TOT,NBA,267,2,3896,440,1122,329,805,111,317,150,208,67,281,348,760,111,20,281,296,1141,0.392,0.409,0.35,0.442,0.721,0.47
259,Jamal Crawford,2001,2016,TOT,NBA,1100,432,33967,5909,14413,3976,8874,1933,5539,3325,3860,420,2215,2635,3910,1045,236,2148,1732,17076,0.41,0.448,0.349,0.477,0.861,0.53
260,Keyon Dooling,2001,2013,TOT,NBA,728,86,14134,1810,4356,1364,3079,446,1277,1001,1253,132,832,964,1601,463,75,803,1221,5067,0.416,0.443,0.349,0.467,0.799,0.516
261,Ryan Gomes,2006,2014,TOT,NBA,487,371,13463,1891,4249,1557,3293,334,956,810,1014,617,1622,2239,712,351,78,550,942,4926,0.445,0.473,0.349,0.484,0.799,0.525
262,Otto Porter,2014,2016,WAS,NBA,186,86,4027,548,1199,411,807,137,392,161,217,188,481,669,195,157,63,136,286,1394,0.457,0.509,0.349,0.514,0.742,0.538
263,Luke Ridnour,2004,2015,TOT,NBA,830,493,21623,2933,6803,2349,5129,584,1674,1290,1496,363,1514,1877,3713,814,161,1349,1779,7740,0.431,0.458,0.349,0.474,0.862,0.519
264,P.J. Tucker,2013,2016,PHO,NBA,320,269,9323,975,2237,724,1518,251,719,430,572,572,1321,1893,549,385,85,376,730,2631,0.436,0.477,0.349,0.492,0.752,0.529
265,Beno Udrih,2005,2016,TOT,NBA,792,272,17625,2648,5725,2194,4423,454,1302,975,1175,302,1353,1655,2727,563,71,1143,1246,6725,0.463,0.496,0.349,0.502,0.83,0.539
266,Greivis Vasquez,2011,2016,TOT,NBA,398,157,9481,1376,3289,965,2112,411,1177,421,515,125,894,1019,1930,235,33,752,761,3584,0.418,0.457,0.349,0.481,0.817,0.51
267,Caron Butler,2003,2016,TOT,NBA,881,732,28333,4596,10592,3850,8448,746,2144,2492,2942,1103,3284,4387,2007,1163,216,1594,2129,12430,0.434,0.456,0.348,0.469,0.847,0.523
268,Langston Galloway,2015,2016,NYK,NBA,127,48,3490,435,1099,296,699,139,400,149,192,80,398,478,357,129,34,122,306,1158,0.396,0.423,0.348,0.459,0.776,0.489
269,Jumaine Jones,2001,2007,TOT,NBA,438,115,9642,1272,2994,849,1780,423,1214,301,425,536,1413,1949,403,301,139,374,860,3268,0.425,0.477,0.348,0.495,0.708,0.514
270,Brandon Roy,2007,2013,TOT,NBA,326,300,11561,2224,4849,1902,3924,322,925,1366,1707,347,1041,1388,1517,335,76,595,630,6136,0.459,0.485,0.348,0.492,0.8,0.548
271,James Posey,2001,2011,TOT,NBA,783,402,21208,2265,5555,1312,2808,953,2747,1274,1551,670,3074,3744,1267,819,265,886,2123,6757,0.408,0.467,0.347,0.494,0.821,0.542
272,Latrell Sprewell,2001,2005,TOT,NBA,394,392,14752,2467,5992,1979,4584,488,1408,1128,1398,274,1220,1494,1379,443,106,898,679,6550,0.412,0.432,0.347,0.452,0.807,0.496
273,Willie Green,2004,2015,TOT,NBA,731,297,14783,2417,5682,1900,4188,517,1494,708,925,242,1061,1303,1018,393,108,705,1259,6059,0.425,0.454,0.346,0.471,0.765,0.498
274,Troy Hudson,2001,2008,TOT,NBA,422,124,9141,1444,3573,1067,2483,377,1090,646,749,149,523,672,1410,217,28,671,596,3911,0.404,0.43,0.346,0.457,0.862,0.501
275,Jarrett Jack,2006,2016,TOT,NBA,803,343,22559,3183,7227,2588,5505,595,1722,1916,2239,255,2041,2296,3599,646,103,1605,1481,8877,0.44,0.47,0.346,0.482,0.856,0.54
276,Antawn Jamison,2001,2014,TOT,NBA,993,799,35024,7145,15874,5987,12526,1158,3348,3304,4499,2254,5243,7497,1637,980,390,1533,2363,18752,0.45,0.478,0.346,0.487,0.734,0.525
277,Toni Kukoc,2001,2006,TOT,NBA,378,34,8434,1167,2723,813,1701,354,1022,576,823,293,1031,1324,1138,308,108,586,590,3264,0.429,0.478,0.346,0.494,0.7,0.529
278,Jeremy Lin,2011,2016,TOT,NBA,369,183,9874,1467,3396,1132,2428,335,968,1050,1308,164,860,1024,1623,430,148,872,834,4319,0.432,0.466,0.346,0.481,0.803,0.544
279,Ben McLemore,2014,2016,SAC,NBA,232,190,6300,813,1965,511,1092,302,873,319,406,118,506,624,301,174,47,333,560,2247,0.414,0.468,0.346,0.491,0.786,0.524
280,Sasha Pavlovic,2004,2013,TOT,NBA,567,142,8888,1070,2651,762,1761,308,890,339,504,188,812,1000,517,272,98,460,1026,2787,0.404,0.433,0.346,0.462,0.673,0.485
281,Alan Anderson,2006,2016,TOT,NBA,300,66,6485,813,2004,496,1085,317,919,392,479,148,542,690,360,179,31,283,567,2335,0.406,0.457,0.345,0.485,0.818,0.527
282,Richard Hamilton,2001,2013,TOT,NBA,850,771,28186,5715,12683,5213,11230,502,1453,3137,3672,756,1967,2723,3017,686,125,1893,2187,15069,0.451,0.464,0.345,0.47,0.854,0.527
283,John Lucas III,2006,2015,TOT,NBA,237,8,2916,453,1181,290,708,163,473,76,99,57,180,237,361,86,2,128,195,1145,0.384,0.41,0.345,0.453,0.768,0.468
284,Smush Parker,2003,2008,TOT,NBA,274,183,7069,908,2129,619,1291,289,838,364,514,119,540,659,791,336,44,496,606,2469,0.426,0.479,0.345,0.494,0.708,0.524
285,Mike Scott,2013,2016,ATL,NBA,263,7,4127,748,1604,558,1053,190,551,257,328,199,600,799,240,84,29,181,338,1943,0.466,0.53,0.345,0.526,0.784,0.556
286,Thabo Sefolosha,2007,2016,TOT,NBA,678,425,15615,1516,3390,1125,2257,391,1133,533,728,514,2091,2605,1004,720,306,627,1178,3956,0.447,0.498,0.345,0.505,0.732,0.533
287,Carmelo Anthony,2004,2016,TOT,NBA,902,902,32796,8014,17683,6993,14717,1021,2966,5448,6710,1680,4313,5993,2844,970,437,2572,2635,22497,0.453,0.475,0.344,0.482,0.812,0.545
288,Rudy Gay,2007,2016,TOT,NBA,723,685,25802,5044,11156,4294,8973,750,2183,2460,3102,1082,3180,4262,1627,963,590,1742,1807,13298,0.452,0.479,0.344,0.486,0.793,0.531
289,Robert Horry,2001,2008,TOT,NBA,572,83,11645,1052,2701,658,1556,394,1145,525,731,782,1627,2409,977,451,424,510,1243,3023,0.389,0.423,0.344,0.462,0.718,0.5
290,Marko Jaric,2003,2009,TOT,NBA,447,221,11246,1190,2944,901,2104,289,840,524,718,274,926,1200,1600,583,128,708,967,3193,0.404,0.428,0.344,0.453,0.73,0.49
291,Wesley Johnson,2011,2016,TOT,NBA,429,278,10642,1361,3332,861,1880,500,1452,296,396,270,1185,1455,538,349,298,434,876,3518,0.408,0.458,0.344,0.483,0.747,0.502
292,Brian Scalabrine,2002,2012,TOT,NBA,520,61,6772,590,1512,410,989,180,523,234,299,275,759,1034,436,157,121,341,819,1594,0.39,0.415,0.344,0.45,0.783,0.485
293,Michael Beasley,2009,2016,TOT,NBA,453,200,11038,2388,5278,2152,4589,236,689,871,1147,514,1680,2194,587,273,234,789,1015,5883,0.452,0.469,0.343,0.475,0.759,0.509
294,Devean George,2001,2010,TOT,NBA,581,107,11337,1262,3216,851,2017,411,1199,446,615,517,1383,1900,531,426,226,426,1216,3381,0.392,0.422,0.343,0.456,0.725,0.485
295,Jiri Welsch,2003,2006,TOT,NBA,247,102,4596,516,1280,398,936,118,344,369,491,120,482,602,375,187,15,262,394,1519,0.403,0.425,0.343,0.449,0.752,0.508
296,Sam Cassell,2001,2008,TOT,NBA,559,483,17708,3563,7717,3177,6588,386,1129,1943,2245,310,1652,1962,3391,543,91,1276,1494,9455,0.462,0.482,0.342,0.487,0.865,0.543
297,Boris Diaw,2004,2016,TOT,NBA,991,531,27485,3659,7384,3204,6052,455,1332,1028,1435,1212,3264,4476,3514,630,501,1810,2186,8801,0.496,0.529,0.342,0.526,0.716,0.549
298,Draymond Green,2013,2016,GSW,NBA,321,173,8156,1011,2300,731,1481,280,819,488,707,392,1693,2085,1094,386,309,534,883,2790,0.44,0.494,0.342,0.5,0.69,0.534
299,Lou Williams,2006,2016,TOT,NBA,701,89,16442,2772,6670,1986,4369,786,2301,2274,2780,257,1179,1436,2036,612,121,988,971,8604,0.416,0.455,0.342,0.475,0.818,0.545
300,Metta World Peace,2001,2016,TOT,NBA,894,775,29042,4338,10439,3253,7266,1085,3173,2374,3301,1092,3028,4120,2418,1592,481,1618,2409,12135,0.416,0.448,0.342,0.468,0.719,0.51
301,Dan Dickau,2003,2008,TOT,NBA,300,57,4617,608,1517,429,992,179,525,350,421,75,330,405,752,164,11,324,514,1745,0.401,0.432,0.341,0.46,0.831,0.513
302,Juan Dixon,2003,2009,TOT,NBA,436,77,8509,1400,3393,1069,2421,331,972,547,657,155,661,816,775,341,34,552,733,3678,0.413,0.442,0.341,0.461,0.833,0.499
303,Steve Francis,2001,2008,TOT,NBA,499,466,18856,3046,7150,2578,5776,468,1374,2498,3129,808,1998,2806,2966,728,194,1724,1582,9058,0.426,0.446,0.341,0.459,0.798,0.531
304,Grant Hill,2001,2013,TOT,NBA,591,538,17769,2953,5997,2790,5519,163,478,1675,2078,546,2206,2752,1532,554,295,1026,1246,7744,0.492,0.506,0.341,0.506,0.806,0.56
305,Tracy McGrady,2001,2012,TOT,NBA,746,650,25911,5903,13612,4862,10555,1041,3057,3412,4542,887,3341,4228,3687,945,529,1723,1280,16259,0.434,0.461,0.341,0.472,0.751,0.521
306,Charlie Villanueva,2006,2016,TOT,NBA,656,163,13578,2652,6097,1936,3996,716,2101,788,1021,795,2224,3019,549,329,349,650,1453,6808,0.435,0.484,0.341,0.494,0.772,0.52
307,Rasheed Wallace,2001,2013,TOT,NBA,775,677,25408,4415,9887,3394,6894,1021,2993,1485,1989,1045,4352,5397,1438,790,1098,1072,2196,11336,0.447,0.492,0.341,0.498,0.747,0.527
308,Al Horford,2008,2016,ATL,NBA,578,574,19342,3544,6626,3435,6305,109,321,1091,1468,1377,3767,5144,1589,482,697,915,1399,8288,0.535,0.545,0.34,0.543,0.743,0.57
309,Mark Jackson,2001,2004,TOT,NBA,289,167,6999,685,1644,502,1106,183,538,249,322,163,697,860,1760,223,12,530,432,1802,0.417,0.454,0.34,0.472,0.773,0.505
310,LeBron James,2004,2016,TOT,NBA,987,986,38478,9687,19459,8344,15506,1343,3953,6116,8221,1192,5875,7067,6815,1657,773,3316,1843,26833,0.498,0.538,0.34,0.532,0.744,0.581
311,DeShawn Stevenson,2001,2013,TOT,NBA,824,542,18396,2238,5515,1688,3898,550,1617,904,1296,410,1422,1832,1355,423,134,814,1140,5930,0.406,0.433,0.34,0.456,0.698,0.487
312,Wilson Chandler,2008,2015,TOT,NBA,445,343,13833,2368,5356,1788,3647,580,1709,782,1007,502,1854,2356,784,335,312,645,1277,6098,0.442,0.49,0.339,0.496,0.777,0.526
313,Jeff Green,2008,2016,TOT,NBA,636,473,20360,3277,7475,2623,5546,654,1929,1682,2140,653,2453,3106,1054,508,380,1063,1497,8890,0.438,0.473,0.339,0.482,0.786,0.528
314,Lindsey Hunter,2001,2010,TOT,NBA,449,64,7797,933,2540,558,1435,375,1105,226,302,142,523,665,871,397,66,373,682,2467,0.367,0.389,0.339,0.441,0.748,0.461
315,Victor Oladipo,2014,2016,ORL,NBA,224,167,7439,1290,2992,1034,2236,256,756,715,885,142,834,976,904,365,110,613,571,3551,0.431,0.462,0.339,0.474,0.808,0.525
316,Shawne Williams,2007,2015,TOT,NBA,314,58,5368,650,1612,375,800,275,812,194,257,247,698,945,220,127,156,197,656,1769,0.403,0.469,0.339,0.489,0.755,0.513
317,Carlos Arroyo,2002,2011,TOT,NBA,569,191,10651,1431,3269,1294,2864,137,405,771,956,210,755,965,1761,290,26,680,874,3770,0.438,0.452,0.338,0.459,0.806,0.511
318,Devin Brown,2003,2010,TOT,NBA,465,127,9022,1174,2927,874,2039,300,888,704,907,336,952,1288,679,263,58,505,747,3352,0.401,0.429,0.338,0.452,0.776,0.504
319,Rodney Carney,2007,2011,TOT,NBA,299,48,4600,675,1599,475,1008,200,591,228,324,164,424,588,132,159,100,157,420,1778,0.422,0.471,0.338,0.485,0.704,0.51
320,Jordan Clarkson,2015,2016,LAL,NBA,138,117,4028,742,1694,593,1253,149,441,295,362,149,355,504,398,139,19,231,277,1928,0.438,0.473,0.338,0.482,0.815,0.52
321,Austin Croshere,2001,2009,TOT,NBA,525,74,9103,1139,2845,785,1799,354,1046,840,968,539,1504,2043,520,185,143,499,827,3472,0.4,0.436,0.338,0.463,0.868,0.531
322,Jonny Flynn,2010,2012,TOT,NBA,163,90,3738,551,1379,433,1030,118,349,284,351,44,263,307,634,122,7,382,179,1504,0.4,0.42,0.338,0.442,0.809,0.49
323,Travis Outlaw,2005,2014,TOT,NBA,614,98,13007,1991,4706,1647,3685,344,1021,939,1261,478,1492,1970,513,330,381,511,1034,5265,0.423,0.447,0.337,0.46,0.745,0.5
324,DerMarr Johnson,2001,2008,TOT,NBA,344,136,5930,770,1872,496,1057,274,815,307,389,192,577,769,304,198,149,349,598,2121,0.411,0.469,0.336,0.485,0.789,0.519
325,Jeremy Lamb,2013,2016,TOT,NBA,214,8,3545,621,1437,430,868,191,569,178,221,84,482,566,241,121,64,144,313,1611,0.432,0.495,0.336,0.499,0.805,0.525
326,Josh McRoberts,2008,2016,TOT,NBA,409,165,7884,870,1853,687,1309,183,544,303,429,445,1167,1612,851,212,190,358,784,2226,0.47,0.525,0.336,0.519,0.706,0.545
327,Jason Williams,2001,2011,TOT,NBA,657,536,18623,2471,6109,1478,3153,993,2956,691,829,156,1271,1427,3723,721,51,1204,869,6626,0.404,0.469,0.336,0.486,0.834,0.512
328,Matt Barnes,2004,2016,TOT,NBA,855,341,20190,2603,5915,1708,3247,895,2668,961,1295,996,2901,3897,1496,666,418,1065,2168,7062,0.44,0.526,0.335,0.516,0.742,0.545
329,Chris Bosh,2004,2016,TOT,NBA,893,881,31936,6209,12581,5904,11671,305,910,4466,5591,1927,5665,7592,1795,730,932,1807,2159,17189,0.494,0.506,0.335,0.506,0.799,0.571
330,Linas Kleiza,2006,2013,TOT,NBA,409,65,8185,1268,2912,881,1758,387,1154,638,836,388,1082,1470,321,159,73,409,886,3561,0.435,0.501,0.335,0.502,0.763,0.543
331,Garrett Temple,2010,2016,TOT,NBA,309,101,5044,489,1243,312,714,177,529,224,320,117,430,547,436,220,67,251,503,1379,0.393,0.437,0.335,0.465,0.7,0.498
332,Luol Deng,2005,2016,TOT,NBA,823,776,29050,4906,10713,4313,8940,593,1773,2372,3077,1379,3721,5100,1949,816,416,1401,1414,12777,0.458,0.482,0.334,0.486,0.771,0.529
333,Andre Iguodala,2005,2016,TOT,NBA,900,759,31836,4324,9361,3480,6833,844,2528,2617,3662,890,3939,4829,4134,1472,424,1933,1719,12109,0.462,0.509,0.334,0.507,0.715,0.552
334,Paul Millsap,2007,2016,TOT,NBA,768,492,22340,4054,8132,3796,7359,258,773,2278,3112,1799,3922,5721,1670,1010,806,1363,2452,10644,0.499,0.516,0.334,0.514,0.732,0.56
335,Iman Shumpert,2012,2016,TOT,NBA,294,168,7524,813,2069,528,1215,285,854,259,342,241,816,1057,595,371,63,375,738,2170,0.393,0.435,0.334,0.462,0.757,0.489
336,Dion Waiters,2013,2016,TOT,NBA,289,110,8188,1423,3460,1109,2521,314,939,549,777,131,607,738,709,293,69,508,564,3709,0.411,0.44,0.334,0.457,0.707,0.488
337,Kemba Walker,2012,2016,TOT,NBA,364,319,12269,2202,5466,1650,3811,552,1655,1351,1642,220,1180,1400,1946,521,153,759,563,6307,0.403,0.433,0.334,0.453,0.823,0.51
338,Eric Bledsoe,2011,2016,TOT,NBA,352,190,9133,1464,3274,1209,2509,255,765,907,1161,285,978,1263,1506,491,173,905,663,4090,0.447,0.482,0.333,0.486,0.781,0.54
339,J.R. Bremer,2003,2004,TOT,NBA,100,43,1946,214,622,94,262,120,360,98,131,27,154,181,215,56,7,83,112,646,0.344,0.359,0.333,0.441,0.748,0.475
340,Stephen Jackson,2001,2014,TOT,NBA,858,676,27398,4604,11112,3352,7349,1252,3763,2516,3154,674,2654,3328,2634,1109,317,2141,2043,12976,0.414,0.456,0.333,0.471,0.798,0.519
341,Travis Best,2001,2005,TOT,NBA,360,101,8234,1060,2513,937,2143,123,370,544,633,120,575,695,1307,340,38,432,807,2787,0.422,0.437,0.332,0.446,0.859,0.499
342,Shannon Brown,2007,2015,TOT,NBA,408,60,7329,1198,2854,922,2023,276,831,446,553,177,583,760,458,284,90,378,538,3118,0.42,0.456,0.332,0.468,0.807,0.503
343,Greg Buckner,2001,2009,TOT,NBA,522,116,9972,1009,2258,780,1568,229,690,356,464,401,1018,1419,664,416,91,358,1194,2603,0.447,0.497,0.332,0.498,0.767,0.529
344,Landry Fields,2011,2015,TOT,NBA,255,176,6010,684,1446,564,1085,120,361,243,365,248,844,1092,419,212,45,270,310,1731,0.473,0.52,0.332,0.515,0.666,0.539
345,Anfernee Hardaway,2001,2008,TOT,NBA,275,132,7737,1075,2553,971,2240,104,313,397,498,260,787,1047,867,313,83,513,596,2651,0.421,0.433,0.332,0.441,0.797,0.478
346,Josh Howard,2004,2013,TOT,NBA,507,403,15350,2759,6161,2417,5132,342,1029,1410,1830,846,2040,2886,817,530,276,723,1297,7270,0.448,0.471,0.332,0.476,0.77,0.522
347,Shawn Marion,2001,2015,TOT,NBA,1112,1024,38837,7067,14585,6280,12217,787,2368,2259,2792,2627,7142,9769,2129,1721,1180,1699,2422,17180,0.485,0.514,0.332,0.512,0.809,0.543
348,Dahntay Jones,2004,2016,TOT,NBA,623,157,9787,1200,2731,1093,2408,107,323,837,1114,251,829,1080,528,261,144,506,1205,3344,0.439,0.454,0.331,0.459,0.751,0.519
349,Adam Morrison,2007,2010,TOT,NBA,161,28,3278,467,1252,343,877,124,375,142,200,82,260,342,222,40,12,172,273,1200,0.373,0.391,0.331,0.423,0.71,0.448
350,Darrell Armstrong,2001,2008,TOT,NBA,577,223,13528,1642,4101,1013,2197,629,1904,874,1019,435,1146,1581,2139,730,71,932,954,4787,0.4,0.461,0.33,0.477,0.858,0.526
351,Brad Miller,2001,2012,TOT,NBA,775,594,23107,3233,6743,3033,6137,200,606,2397,2976,1560,4229,5789,2403,607,539,1287,2207,9063,0.479,0.494,0.33,0.494,0.805,0.563
352,Antoine Walker,2001,2008,TOT,NBA,605,434,20741,3836,9410,2731,6058,1105,3352,1131,1817,1031,3272,4303,2200,658,296,1604,1578,9908,0.408,0.451,0.33,0.466,0.622,0.485
353,Damien Wilkins,2005,2013,TOT,NBA,563,149,10839,1331,3118,1130,2509,201,609,708,904,436,910,1346,787,429,129,519,938,3571,0.427,0.45,0.33,0.459,0.783,0.508
354,Kobe Bryant,2001,2016,LAL,NBA,1080,1079,41058,10236,22903,8608,17958,1628,4945,7303,8693,1212,4781,5993,5503,1643,465,3402,2698,29403,0.447,0.479,0.329,0.482,0.84,0.55
355,Trey Burke,2014,2016,UTA,NBA,210,111,5916,973,2536,650,1554,323,982,278,340,86,438,524,872,142,27,335,350,2547,0.384,0.418,0.329,0.447,0.818,0.474
356,Josh Childress,2005,2013,TOT,NBA,387,70,10408,1343,2571,1244,2270,99,301,763,980,732,1115,1847,607,338,184,438,724,3548,0.522,0.548,0.329,0.542,0.779,0.591
357,Jamario Moon,2008,2012,TOT,NBA,286,157,6451,723,1568,546,1030,177,538,184,229,201,1026,1227,291,229,236,147,424,1807,0.461,0.53,0.329,0.518,0.803,0.541
358,Austin Rivers,2013,2016,TOT,NBA,273,42,5784,766,1876,601,1375,165,501,333,523,91,429,520,541,167,41,277,539,2030,0.408,0.437,0.329,0.452,0.637,0.482
359,Jimmy Butler,2012,2016,CHI,NBA,323,219,10071,1437,3231,1190,2477,247,754,1271,1565,439,1012,1451,837,440,151,403,455,4392,0.445,0.48,0.328,0.483,0.812,0.56
360,Brian Shaw,2001,2003,LAL,NBA,210,28,3364,326,845,217,513,109,332,79,105,87,448,535,450,106,43,183,264,840,0.386,0.423,0.328,0.45,0.752,0.471
361,Marcus Banks,2004,2010,TOT,NBA,345,37,5549,741,1713,616,1331,125,382,448,583,100,418,518,725,265,57,434,670,2055,0.433,0.463,0.327,0.469,0.768,0.522
362,Kentavious Caldwell-Pope,2014,2016,DET,NBA,238,199,6959,975,2392,649,1394,326,998,342,447,154,539,693,302,278,47,227,473,2618,0.408,0.466,0.327,0.476,0.765,0.506
363,Raymond Felton,2006,2016,TOT,NBA,776,646,25385,3605,8758,2827,6380,778,2378,1620,2054,490,1969,2459,4650,1019,163,1835,1625,9608,0.412,0.443,0.327,0.456,0.789,0.497
364,Alonzo Gee,2010,2016,TOT,NBA,404,213,8982,998,2295,812,1726,186,569,561,742,385,960,1345,435,374,100,443,778,2743,0.435,0.47,0.327,0.475,0.756,0.523
365,Matt Harpring,2001,2009,TOT,NBA,611,327,16407,2748,5696,2602,5249,146,447,1579,2089,1188,1952,3140,854,462,105,926,1629,7221,0.482,0.496,0.327,0.495,0.756,0.546
366,Dan Majerle,2001,2002,TOT,NBA,118,20,2486,186,548,50,132,136,416,59,83,48,294,342,178,101,30,70,202,567,0.339,0.379,0.327,0.464,0.711,0.485
367,Stephon Marbury,2001,2009,TOT,NBA,574,548,21679,3954,9016,3292,6990,662,2026,2536,3203,369,1351,1720,4186,680,72,1647,1313,11106,0.439,0.471,0.327,0.475,0.792,0.533
368,Jeff McInnis,2001,2008,TOT,NBA,503,318,14786,2036,4712,1759,3865,277,847,672,841,214,857,1071,2334,335,27,719,1087,5021,0.432,0.455,0.327,0.461,0.799,0.494
369,Tony Parker,2002,2016,SAS,NBA,1080,1067,34618,7121,14410,6648,12964,473,1446,3169,4206,411,2694,3105,6349,970,88,2633,1862,17884,0.494,0.513,0.327,0.511,0.753,0.55
370,Glenn Robinson,2001,2005,TOT,NBA,262,247,9243,2068,4546,1829,3815,239,731,889,1054,330,1272,1602,690,320,141,754,662,5264,0.455,0.479,0.327,0.481,0.843,0.525
371,Norris Cole,2012,2016,TOT,NBA,347,60,7893,989,2417,785,1791,204,626,281,379,79,612,691,967,272,34,510,661,2463,0.409,0.438,0.326,0.451,0.741,0.477
372,Rodney Rogers,2001,2005,TOT,NBA,354,59,8142,1295,3042,1009,2166,286,876,500,654,445,1078,1523,622,313,154,540,1042,3376,0.426,0.466,0.326,0.473,0.765,0.507
373,Luke Walton,2004,2013,TOT,NBA,564,138,9685,1050,2449,868,1891,182,558,367,513,481,1107,1588,1317,313,102,597,810,2649,0.429,0.459,0.326,0.466,0.715,0.495
374,Rodrigue Beaubois,2010,2013,DAL,NBA,182,54,2896,502,1143,373,746,129,397,153,189,47,291,338,374,124,52,204,312,1286,0.439,0.5,0.325,0.496,0.81,0.524
375,Tobias Harris,2012,2016,TOT,NBA,302,216,8510,1503,3235,1264,2500,239,735,739,923,360,1392,1752,466,220,151,398,595,3984,0.465,0.506,0.325,0.502,0.801,0.547
376,Solomon Hill,2014,2016,IND,NBA,169,81,3473,361,882,262,577,99,305,201,242,118,403,521,253,108,31,161,264,1022,0.409,0.454,0.325,0.465,0.831,0.517
377,Corey Maggette,2001,2013,TOT,NBA,750,473,21988,3841,8500,3380,7080,461,1420,4409,5338,792,2927,3719,1635,566,113,1736,2169,12552,0.452,0.477,0.325,0.479,0.826,0.579
378,Nik Stauskas,2015,2016,TOT,NBA,146,36,2936,318,841,164,367,154,474,146,182,34,237,271,205,64,37,134,207,936,0.378,0.447,0.325,0.47,0.802,0.508
379,Von Wafer,2006,2012,TOT,NBA,200,14,2475,390,928,288,614,102,314,172,229,38,196,234,146,73,19,128,155,1054,0.42,0.469,0.325,0.475,0.751,0.512
380,Jae Crowder,2013,2016,TOT,NBA,311,114,6562,860,2021,564,1107,296,914,398,514,223,824,1047,383,320,98,222,563,2414,0.426,0.509,0.324,0.499,0.774,0.537
381,Devin Harris,2005,2016,TOT,NBA,781,445,20465,3031,6930,2398,4976,633,1954,2442,3074,255,1530,1785,3459,873,159,1493,1779,9137,0.437,0.482,0.324,0.483,0.794,0.552
382,Shelvin Mack,2012,2016,TOT,NBA,275,41,4576,654,1554,483,1027,171,527,185,241,57,442,499,812,157,9,315,293,1664,0.421,0.47,0.324,0.476,0.768,0.501
383,Dennis Schroder,2014,2016,ATL,NBA,206,16,3778,685,1634,546,1205,139,429,321,404,59,369,428,759,136,13,394,319,1830,0.419,0.453,0.324,0.462,0.795,0.505
384,Earl Watson,2002,2014,TOT,NBA,878,227,19494,2112,5139,1610,3588,502,1551,867,1233,462,1523,1985,3871,873,176,1548,1755,5593,0.411,0.449,0.324,0.46,0.703,0.492
385,Baron Davis,2001,2012,TOT,NBA,753,692,27069,4706,11518,3399,7470,1307,4048,2242,3139,714,2304,3018,5716,1433,341,2168,2160,12961,0.409,0.455,0.323,0.465,0.714,0.502
386,Markieff Morris,2012,2016,TOT,NBA,372,166,9427,1668,3752,1442,3052,226,700,713,939,522,1496,2018,633,345,230,626,1049,4275,0.445,0.472,0.323,0.475,0.759,0.513
387,Al-Farouq Aminu,2011,2016,TOT,NBA,459,256,10747,1215,2815,980,2085,235,730,569,781,650,1847,2497,540,434,263,573,865,3234,0.432,0.47,0.322,0.473,0.729,0.512
388,Dion Glover,2001,2005,TOT,NBA,264,104,5686,848,2051,712,1629,136,422,380,500,198,661,859,428,218,61,342,459,2212,0.413,0.437,0.322,0.447,0.76,0.487
389,Bonzi Wells,2001,2008,TOT,NBA,518,275,13936,2567,5611,2365,4984,202,627,1200,1713,718,1828,2546,1149,699,179,1112,1368,6536,0.457,0.475,0.322,0.475,0.701,0.513
390,James Anderson,2011,2016,TOT,NBA,247,83,4320,525,1276,329,665,196,611,176,233,108,452,560,291,121,55,216,292,1422,0.411,0.495,0.321,0.488,0.755,0.516
391,Larry Hughes,2001,2012,TOT,NBA,595,471,19056,3109,7639,2622,6120,487,1519,1856,2435,542,1959,2501,2008,933,213,1291,1357,8561,0.407,0.428,0.321,0.439,0.762,0.491
392,Jerry Stackhouse,2001,2013,TOT,NBA,614,284,17474,3177,7873,2549,5914,628,1959,2569,3019,431,1345,1776,1985,474,181,1417,970,9551,0.404,0.431,0.321,0.443,0.851,0.519
393,Marcus Williams,2007,2010,TOT,NBA,203,10,3095,427,1107,301,715,126,392,148,193,56,305,361,574,87,7,295,197,1128,0.386,0.421,0.321,0.443,0.767,0.473
394,Eric Williams,2001,2007,TOT,NBA,412,206,9523,981,2458,798,1886,183,572,889,1214,387,948,1335,595,345,55,438,986,3034,0.399,0.423,0.32,0.436,0.732,0.507
395,Gerald Henderson,2010,2016,TOT,NBA,463,292,12187,2015,4558,1827,3969,188,589,1107,1399,280,1251,1531,897,318,168,577,801,5325,0.442,0.46,0.319,0.463,0.791,0.515
396,Byron Mullens,2012,2014,TOT,NBA,163,66,3307,541,1319,430,971,111,348,166,231,191,565,756,152,70,95,175,311,1359,0.41,0.443,0.319,0.452,0.719,0.478
397,Sebastian Telfair,2005,2015,TOT,NBA,564,193,12149,1542,3953,1181,2820,361,1133,738,950,151,747,898,1960,413,75,859,1196,4183,0.39,0.419,0.319,0.436,0.777,0.478
398,John Wall,2011,2016,WAS,NBA,422,410,15195,2770,6453,2433,5398,337,1055,1737,2201,234,1657,1891,3779,713,273,1590,987,7614,0.429,0.451,0.319,0.455,0.789,0.513
399,Thaddeus Young,2008,2016,TOT,NBA,665,435,20357,3964,7969,3711,7177,253,792,1070,1555,1330,2586,3916,1012,944,266,970,1478,9251,0.497,0.517,0.319,0.513,0.688,0.535
400,Gary Payton,2001,2007,TOT,NBA,549,453,18927,3322,7297,2897,5960,425,1337,1259,1677,404,1630,2034,3418,689,116,1072,1120,8328,0.455,0.486,0.318,0.484,0.751,0.518
401,Ricky Rubio,2012,2016,MIN,NBA,278,258,8748,876,2378,698,1818,178,560,887,1089,185,1008,1193,2309,619,35,781,718,2817,0.368,0.384,0.318,0.406,0.815,0.493
402,A.J. Price,2010,2015,TOT,NBA,261,25,3929,549,1444,331,754,218,690,207,279,68,309,377,567,125,9,229,237,1523,0.38,0.439,0.316,0.456,0.742,0.486
403,Sergio Rodriguez,2007,2010,TOT,NBA,285,22,3763,466,1115,356,767,110,348,175,234,100,268,368,839,163,9,363,346,1217,0.418,0.464,0.316,0.467,0.748,0.5
404,Antonio Daniels,2001,2011,TOT,NBA,683,169,15906,1796,4034,1475,3015,321,1019,1491,1837,168,1162,1330,2317,424,64,662,717,5404,0.445,0.489,0.315,0.485,0.812,0.558
405,Eddie Griffin,2002,2007,TOT,NBA,303,117,6729,854,2263,617,1511,237,752,226,337,497,1247,1744,236,105,518,227,506,2171,0.377,0.408,0.315,0.43,0.671,0.45
406,Gary Harris,2015,2016,DEN,NBA,131,82,3158,425,982,299,582,126,400,144,180,75,209,284,176,136,25,136,214,1120,0.433,0.514,0.315,0.497,0.8,0.528
407,Pero Antic,2014,2015,ATL,NBA,113,29,1962,231,590,123,246,108,344,138,189,115,283,398,107,37,26,104,258,708,0.392,0.5,0.314,0.483,0.73,0.526
408,Darrell Arthur,2009,2016,TOT,NBA,443,98,8165,1264,2848,1164,2530,100,318,338,444,519,1122,1641,358,282,283,371,1136,2966,0.444,0.46,0.314,0.461,0.761,0.487
409,Reggie Jackson,2012,2016,TOT,NBA,351,155,8463,1575,3640,1265,2654,310,986,707,823,192,920,1112,1478,260,43,666,611,4167,0.433,0.477,0.314,0.475,0.859,0.521
410,Ramon Sessions,2008,2016,TOT,NBA,613,142,14916,2264,5159,2085,4589,179,570,1986,2506,322,1407,1729,2601,431,47,1097,870,6693,0.439,0.454,0.314,0.456,0.792,0.534
411,Alvin Williams,2001,2007,TOT,NBA,301,248,9709,1330,3144,1161,2605,169,539,468,615,182,710,892,1518,426,83,462,646,3297,0.423,0.446,0.314,0.45,0.761,0.483
412,Monta Ellis,2006,2016,TOT,NBA,759,680,27013,5476,12131,4782,9917,694,2214,2582,3335,501,2169,2670,3620,1331,254,2111,1801,14228,0.451,0.482,0.313,0.48,0.774,0.523
413,Ryan Kelly,2014,2016,LAL,NBA,147,59,3015,316,829,218,516,98,313,226,284,76,410,486,207,75,79,102,304,956,0.381,0.422,0.313,0.44,0.796,0.501
414,Gerald Wallace,2002,2015,TOT,NBA,832,611,24731,3516,7492,3109,6189,407,1303,2494,3517,1145,3693,4838,1725,1200,681,1486,1829,9933,0.469,0.502,0.312,0.496,0.709,0.549
415,Eduardo Najera,2001,2012,TOT,NBA,619,85,11213,1204,2505,1094,2151,110,354,534,796,897,1410,2307,493,446,231,402,1378,3052,0.481,0.509,0.311,0.503,0.671,0.534
416,Scottie Pippen,2001,2004,TOT,NBA,213,184,6452,833,1932,664,1388,169,544,370,482,224,776,1000,992,321,104,518,507,2205,0.431,0.478,0.311,0.475,0.768,0.514
417,Andrei Kirilenko,2002,2014,TOT,NBA,790,546,23880,3146,6632,2779,5447,367,1185,2769,3671,1398,2946,4344,2168,1096,1461,1517,1604,9428,0.474,0.51,0.31,0.502,0.754,0.572
418,Donald Sloan,2012,2016,TOT,NBA,218,66,3749,449,1098,351,782,98,316,193,256,54,401,455,651,83,8,230,193,1189,0.409,0.449,0.31,0.454,0.754,0.491
419,Bob Sura,2001,2005,TOT,NBA,327,124,8179,1004,2425,811,1801,193,624,786,1079,380,933,1313,1244,314,48,627,721,2987,0.414,0.45,0.309,0.454,0.728,0.515
420,Allen Iverson,2001,2010,TOT,NBA,640,629,26546,6029,14206,5342,11973,687,2233,4805,5995,407,1876,2283,4012,1396,103,2284,1084,17550,0.424,0.446,0.308,0.449,0.802,0.521
421,George Lynch,2001,2005,TOT,NBA,330,208,7673,711,1737,613,1419,98,318,240,359,560,1055,1615,502,285,93,323,675,1760,0.409,0.432,0.308,0.438,0.669,0.464
422,Donatas Motiejunas,2013,2016,HOU,NBA,214,101,4074,671,1414,561,1057,110,357,224,366,270,578,848,236,100,70,253,477,1676,0.475,0.531,0.308,0.513,0.612,0.532
423,Lamar Odom,2001,2013,TOT,NBA,885,614,29364,4362,9369,3757,7407,605,1962,2193,3179,1662,5802,7464,3237,757,797,1995,2625,11522,0.466,0.507,0.308,0.498,0.69,0.535
424,Lance Stephenson,2011,2016,TOT,NBA,340,189,8532,1197,2656,997,2006,200,650,390,564,234,1199,1433,1022,241,45,593,670,2984,0.451,0.497,0.308,0.488,0.691,0.514
425,Chris Johnson,2013,2016,TOT,NBA,147,4,2274,230,587,126,248,104,339,86,103,71,224,295,93,89,31,80,212,650,0.392,0.508,0.307,0.48,0.835,0.514
426,Jordan Crawford,2011,2014,TOT,NBA,257,99,6348,1169,2885,884,1953,285,932,509,615,147,518,665,813,184,20,499,400,3132,0.405,0.453,0.306,0.455,0.828,0.496
427,Alexey Shved,2013,2015,TOT,NBA,182,25,3271,445,1207,283,678,162,529,297,390,85,270,355,460,110,49,243,201,1349,0.369,0.417,0.306,0.436,0.762,0.489
428,Ronnie Price,2006,2016,TOT,NBA,530,73,7159,734,1956,493,1165,241,791,292,396,173,474,647,942,413,55,473,908,2001,0.375,0.423,0.305,0.437,0.737,0.47
429,Evan Turner,2011,2016,TOT,NBA,469,241,13390,2026,4692,1840,4082,186,610,795,1023,277,2144,2421,1763,390,105,928,966,5033,0.432,0.451,0.305,0.452,0.777,0.489
430,Donte Greene,2009,2012,SAC,NBA,253,82,4259,585,1441,420,899,165,542,206,294,140,460,600,183,111,116,222,373,1541,0.406,0.467,0.304,0.463,0.701,0.491
431,Ronald Murray,2003,2010,TOT,NBA,487,92,11077,1806,4360,1478,3281,328,1079,877,1210,192,814,1006,1096,404,100,742,795,4817,0.414,0.45,0.304,0.452,0.725,0.492
432,Andrew Wiggins,2015,2016,MIN,NBA,163,163,5814,1091,2431,995,2115,96,316,784,1031,240,426,666,334,164,96,359,355,3062,0.449,0.47,0.304,0.469,0.76,0.531
433,Antoine Wright,2006,2011,TOT,NBA,297,96,5714,617,1499,462,989,155,510,225,334,157,524,681,295,139,72,227,598,1614,0.412,0.467,0.304,0.463,0.674,0.49
434,Will Barton,2013,2016,TOT,NBA,254,6,4617,758,1801,604,1293,154,508,366,459,137,720,857,375,162,74,278,304,2036,0.421,0.467,0.303,0.464,0.797,0.508
435,Luc Mbah a Moute,2009,2016,TOT,NBA,541,362,12601,1318,2962,1219,2634,99,328,676,1029,893,1542,2435,492,456,202,529,1012,3411,0.445,0.463,0.302,0.462,0.657,0.499
436,Derrick Rose,2009,2016,CHI,NBA,406,405,14210,3102,6920,2752,5762,350,1158,1447,1780,358,1131,1489,2516,328,155,1186,571,8001,0.448,0.478,0.302,0.474,0.813,0.519
437,Russell Westbrook,2009,2016,OKC,NBA,587,570,19984,4415,10152,3909,8477,506,1675,3262,3989,973,2312,3285,4453,1021,166,2182,1426,12598,0.435,0.461,0.302,0.46,0.818,0.529
438,Yakhouba Diawara,2007,2010,TOT,NBA,187,56,2614,233,653,111,248,122,405,67,103,77,181,258,122,52,16,72,276,655,0.357,0.448,0.301,0.45,0.65,0.469
439,Maurice Harkless,2013,2016,TOT,NBA,279,118,6055,742,1616,602,1149,140,467,249,423,330,655,985,222,266,156,244,474,1873,0.459,0.524,0.3,0.502,0.589,0.52
440,George McCloud,2001,2002,DEN,NBA,145,34,3837,456,1231,319,775,137,456,284,344,122,353,475,483,111,46,261,340,1333,0.37,0.412,0.3,0.426,0.826,0.482
441,Jamaal Tinsley,2002,2014,TOT,NBA,547,404,14443,1759,4481,1362,3155,397,1326,737,1029,345,1260,1605,3330,776,155,1375,1306,4652,0.393,0.432,0.299,0.437,0.716,0.471
442,Derrick Williams,2012,2016,TOT,NBA,376,101,8051,1220,2816,999,2077,221,739,842,1178,332,1230,1562,265,185,101,371,472,3503,0.433,0.481,0.299,0.472,0.715,0.525
443,Rodney Stuckey,2008,2016,TOT,NBA,612,302,17194,2813,6626,2556,5765,257,861,2021,2444,413,1415,1828,2249,552,94,1128,1302,7904,0.425,0.443,0.298,0.444,0.827,0.513
444,Marcus Smart,2015,2016,BOS,NBA,128,48,3475,359,1006,207,493,152,513,211,293,137,340,477,393,190,36,170,359,1081,0.357,0.42,0.296,0.432,0.72,0.476
445,P.J. Hairston,2015,2016,TOT,NBA,111,54,2000,232,677,113,273,119,404,81,100,47,219,266,59,53,24,63,198,664,0.343,0.414,0.295,0.431,0.81,0.46
446,Shandon Anderson,2001,2006,TOT,NBA,440,140,9506,1050,2407,867,1780,183,627,541,730,305,1025,1330,574,328,112,534,908,2824,0.436,0.487,0.292,0.474,0.741,0.518
447,T.J. Ford,2004,2012,TOT,NBA,429,306,11882,1829,4223,1702,3784,127,439,1012,1242,296,1035,1331,2495,496,55,1047,972,4797,0.433,0.45,0.289,0.448,0.815,0.503
448,Rajon Rondo,2007,2016,TOT,NBA,645,592,21202,2951,6310,2761,5653,190,657,976,1610,716,2412,3128,5614,1185,85,1901,1467,7068,0.468,0.488,0.289,0.483,0.606,0.504
449,Tyreke Evans,2010,2016,TOT,NBA,433,370,14445,2737,6139,2470,5211,267,928,1479,1954,410,1707,2117,2293,584,178,1193,1035,7220,0.446,0.474,0.288,0.468,0.757,0.516
450,Corey Brewer,2008,2016,TOT,NBA,629,278,15757,2340,5523,1909,4022,431,1501,1079,1516,510,1373,1883,1047,847,181,825,1426,6190,0.424,0.475,0.287,0.463,0.712,0.5
451,Josh Smith,2005,2016,TOT,NBA,891,772,28988,5088,11243,4638,9665,450,1578,2368,3748,1714,4935,6649,2789,1083,1713,2197,2458,12994,0.453,0.48,0.285,0.473,0.632,0.504
452,Dwyane Wade,2004,2016,MIA,NBA,855,845,30560,7325,15020,6939,13663,386,1357,5185,6760,1076,3050,4126,4944,1414,759,2882,1974,20221,0.488,0.508,0.284,0.501,0.767,0.562
453,DeMar DeRozan,2010,2016,TOR,NBA,521,509,17655,3350,7574,3147,6857,203,717,2533,3071,385,1653,2038,1371,492,150,968,1214,9436,0.442,0.459,0.283,0.456,0.825,0.529
454,Tony Allen,2005,2016,TOT,NBA,727,375,15868,2270,4761,2164,4383,106,378,1262,1758,835,1611,2446,970,1032,305,999,1720,5908,0.477,0.494,0.28,0.488,0.718,0.534
455,Shareef Abdur-Rahim,2001,2007,TOT,NBA,530,419,17835,3248,6770,3162,6461,86,309,2298,2790,1088,2806,3894,1274,493,341,1218,1534,8880,0.48,0.489,0.278,0.486,0.824,0.555
456,Jerami Grant,2015,2016,PHI,NBA,142,63,3443,375,951,291,649,84,302,326,515,148,411,559,214,94,195,195,359,1160,0.394,0.448,0.278,0.438,0.633,0.493
457,Jared Sullinger,2013,2016,BOS,NBA,258,171,6414,1157,2638,1019,2138,138,500,404,556,674,1305,1979,474,176,160,328,767,2856,0.439,0.477,0.276,0.465,0.727,0.495
458,Moochie Norris,2001,2006,TOT,NBA,395,35,6909,730,1812,634,1460,96,352,459,614,186,582,768,1092,287,18,473,430,2015,0.403,0.434,0.273,0.429,0.748,0.484
459,Will Bynum,2006,2015,TOT,NBA,360,29,6611,1117,2529,1033,2220,84,309,603,755,125,436,561,1185,256,29,578,670,2921,0.442,0.465,0.272,0.458,0.799,0.51
460,James Johnson,2010,2016,TOT,NBA,398,140,7270,1048,2200,951,1835,97,365,401,583,343,913,1256,590,291,374,494,838,2594,0.476,0.518,0.266,0.498,0.688,0.528
461,Kevin Garnett,2001,2016,TOT,NBA,1095,1095,36885,7787,15588,7664,15116,123,472,3878,4827,2233,9079,11312,4113,1331,1384,2299,2592,19575,0.5,0.507,0.261,0.503,0.803,0.553
462,Zach Randolph,2003,2016,TOT,NBA,943,820,31084,6594,13940,6467,13452,127,488,3264,4265,2969,6175,9144,1787,747,277,2060,2345,16579,0.473,0.481,0.26,0.478,0.765,0.524
463,Drew Gooden,2003,2016,TOT,NBA,790,500,20127,3432,7435,3344,7093,88,342,1701,2239,1878,3740,5618,896,544,474,1158,1957,8653,0.462,0.471,0.257,0.468,0.76,0.514
464,Anthony Carter,2001,2012,TOT,NBA,544,151,10325,1029,2534,916,2093,113,441,340,489,196,907,1103,1985,508,110,785,936,2511,0.406,0.438,0.256,0.428,0.695,0.457
465,Michael Carter-Williams,2014,2016,TOT,NBA,190,170,6212,1042,2528,936,2112,106,416,566,820,213,853,1066,1164,321,114,653,542,2756,0.412,0.443,0.255,0.433,0.69,0.477
466,Ronnie Brewer,2007,2014,TOT,NBA,502,304,11539,1554,3169,1464,2814,90,355,742,1099,451,976,1427,828,622,120,390,545,3940,0.49,0.52,0.254,0.505,0.675,0.539
467,Marquis Daniels,2004,2013,TOT,NBA,548,146,11707,1772,3933,1669,3494,103,439,672,932,521,1031,1552,966,509,137,644,882,4319,0.451,0.478,0.235,0.464,0.721,0.497
468,Tony Wroten,2013,2016,TOT,NBA,145,34,3076,575,1393,491,1030,84,363,370,572,106,257,363,437,137,28,375,268,1604,0.413,0.477,0.231,0.443,0.647,0.488
469,Andre Miller,2001,2016,TOT,NBA,1222,903,38175,5696,12349,5513,11510,183,839,3789,4683,1288,3227,4515,8048,1462,210,2955,2688,15364,0.461,0.479,0.218,0.469,0.809,0.533