,Player,Season,School,Conf,G,MP,FG,FGA,FG%,2P,2PA,2P%,3P,3PA,3P%,FT,FTA,FT%,TRB,AST,STL,BLK,TOV,PF,PTS
0,stephen-curry,Career,Davidson,,104,,8.4,17.9,0.467,4.4,8.3,0.53,4.0,9.7,0.41200000000000003,4.6,5.3,0.8759999999999999,4.5,3.7,2.1,0.3,3.1,,25.3
1,hubert-davis,Career,UNC,,137,21.3,4.1,8.2,0.498,2.6,4.9,0.541,1.4,3.3,0.435,2.2,2.7,0.8190000000000001,1.8,1.3,0.8,0.2,0.9,0.9,11.8
2,jason-kapono,Career,UCLA,,127,34.0,5.5,11.7,0.469,3.0,6.1,0.489,2.5,5.6,0.446,3.0,3.6,0.83,5.1,2.1,0.9,0.1,2.3,2.3,16.5
3,steve-nash,Career,Santa Clara,,113,30.1,4.7,10.9,0.43,2.3,5.1,0.462,2.3,5.8,0.401,3.3,3.8,0.867,3.1,4.5,1.3,0.1,3.1,1.8,14.9
4,wesley-person,Career,Auburn,,108,35.0,7.1,14.2,0.504,4.7,8.7,0.5429999999999999,2.4,5.5,0.441,2.4,3.2,0.747,6.5,2.6,1.0,0.8,2.4,1.7,19.1
5,steve-novak,Career,Marquette,,126,27.0,3.8,8.4,0.456,1.0,2.3,0.44299999999999995,2.8,6.1,0.461,1.9,2.1,0.9309999999999999,4.2,1.0,0.5,0.1,,,12.4
6,kyle-korver,Career,Creighton,,128,27.7,4.4,9.3,0.47200000000000003,1.5,2.9,0.515,2.9,6.4,0.45299999999999996,2.4,2.7,0.8909999999999999,5.2,2.3,1.3,0.5,1.8,2.3,14.1
7,danny-ferry,Career,Duke,,143,30.1,5.7,11.7,0.484,5.9,11.6,0.51,1.0,2.7,0.38799999999999996,3.0,3.9,0.775,7.0,3.5,1.2,0.5,2.8,2.8,15.1
8,anthony-morrow,Career,Georgia Tech,,123,23.6,3.8,8.8,0.43700000000000006,1.7,3.8,0.45799999999999996,2.1,5.0,0.42100000000000004,1.6,1.8,0.867,3.3,1.0,0.8,0.2,1.0,,11.4
9,klay-thompson,Career,Washington State,,98,35.0,6.1,14.4,0.424,3.6,8.1,0.45,2.5,6.3,0.39,3.2,3.9,0.8270000000000001,4.8,2.6,1.3,0.8,2.9,1.8,17.9
10,brent-barry,Career,Oregon State,,108,28.9,4.0,8.4,0.48,2.8,4.9,0.575,1.2,3.5,0.345,2.8,3.5,0.794,3.7,3.3,1.8,0.6,2.9,2.5,12.1
11,matt-bonner,Career,Florida,,131,25.0,4.4,8.8,0.503,3.2,5.6,0.564,1.3,3.2,0.395,1.9,2.5,0.74,5.9,1.2,0.7,0.5,,,12.0
12,jon-barry,Career,Overall,,94,33.3,5.1,12.1,0.42100000000000004,3.0,6.5,0.465,2.1,5.7,0.371,2.1,2.9,0.7170000000000001,3.6,4.5,1.7,0.3,2.9,2.0,14.4
13,doug-mcdermott,Career,Creighton,,145,31.5,7.9,14.3,0.55,6.0,10.2,0.5870000000000001,1.9,4.1,0.45799999999999996,4.1,4.9,0.831,7.5,1.3,0.2,0.1,2.2,1.8,21.7
14,eric-piatkowski,Career,Nebraska,,123,27.8,5.5,11.7,0.47100000000000003,3.9,7.1,0.544,1.6,4.6,0.358,3.1,4.0,0.777,5.4,2.6,1.0,0.5,2.1,2.1,15.7
15,kelenna-azubuike,Career,Kentucky,,97,22.4,3.6,7.5,0.485,2.7,4.9,0.545,1.0,2.6,0.373,1.7,2.3,0.752,3.7,1.0,0.7,0.3,,,10.0
16,fred-hoiberg,Career,Iowa State,,126,34.0,5.3,10.4,0.511,3.9,6.8,0.569,1.5,3.6,0.4,3.7,4.4,0.8440000000000001,5.9,2.8,1.6,0.1,1.8,1.7,15.8
17,anthony-parker,Career,Bradley,,112,32.2,4.7,10.5,0.447,2.9,5.9,0.5,1.7,4.6,0.379,3.9,5.2,0.75,5.7,3.2,1.4,0.7,2.5,2.0,15.0
18,anthony-peeler,Career,Missouri,,117,30.6,5.7,12.2,0.466,4.7,9.7,0.485,1.0,2.5,0.39299999999999996,4.5,5.7,0.779,5.1,4.2,1.7,0.3,3.1,2.4,16.8
19,wally-szczerbiak,Career,Miami (OH),,105,28.5,6.4,12.5,0.512,4.4,8.0,0.5579999999999999,1.9,4.5,0.431,2.9,3.5,0.809,6.3,2.2,0.8,0.8,2.2,2.1,17.6
20,daniel-gibson,Career,Texas,,68,33.0,4.3,10.5,0.41100000000000003,1.8,3.9,0.451,2.6,6.6,0.387,2.5,3.4,0.741,3.6,3.5,1.5,0.3,,,13.8
21,mike-miller,Career,Florida,,65,26.7,4.5,9.2,0.483,3.3,5.8,0.565,1.2,3.5,0.345,3.1,4.4,0.718,6.0,2.3,1.2,0.3,2.2,1.9,13.3
22,raja-bell,Career,Overall,,116,32.3,5.2,12.0,0.435,3.9,8.1,0.47600000000000003,1.4,3.9,0.35,3.0,4.1,0.731,4.2,2.0,1.1,0.2,2.4,2.2,14.8
23,ray-allen,Career,UConn,,101,28.6,7.0,14.3,0.48700000000000004,4.7,9.2,0.508,2.3,5.1,0.44799999999999995,2.8,3.5,0.779,6.0,2.4,1.6,0.4,1.9,1.4,19.0
24,luke-babbitt,Career,Nevada,,68,37.1,6.5,13.6,0.48,5.4,11.0,0.494,1.1,2.6,0.42100000000000004,5.2,5.8,0.893,8.1,1.8,0.9,0.8,2.1,1.3,19.4
25,danny-green,Career,UNC,,145,,3.4,7.4,0.455,2.1,4.1,0.522,1.3,3.4,0.375,1.4,1.6,0.845,4.1,1.8,1.1,1.1,1.8,,9.4
26,brandon-rush,Career,Kansas,,109,31.3,4.9,10.9,0.449,3.0,6.6,0.45799999999999996,1.9,4.3,0.435,1.8,2.5,0.733,5.5,2.0,0.7,0.8,1.8,,13.6
27,ben-gordon,Career,UConn,,106,31.0,5.6,12.7,0.44,3.2,7.2,0.452,2.3,5.5,0.423,3.5,4.4,0.795,3.9,4.1,1.2,0.2,,,16.9
28,khris-middleton,Career,Texas A&M,,87,26.0,3.9,9.1,0.431,2.9,5.8,0.494,1.1,3.3,0.321,2.4,3.1,0.768,4.6,2.0,1.0,0.2,2.0,2.1,11.3
29,jared-dudley,Career,Boston College,,130,36.4,5.3,10.5,0.504,4.4,8.0,0.5479999999999999,0.9,2.5,0.365,4.4,6.0,0.731,7.2,3.0,1.4,0.3,,,15.9
30,walt-williams,Career,Maryland,,105,30.4,5.6,11.9,0.466,4.1,7.8,0.522,1.5,4.1,0.359,3.7,4.8,0.762,4.6,3.9,1.7,0.8,3.6,3.2,16.2
31,matthew-dellavedova,Career,Saint Mary's (CA),,136,36.4,4.3,10.5,0.415,2.2,4.9,0.456,2.1,5.6,0.37799999999999995,3.4,4.0,0.86,3.4,5.6,1.1,0.1,2.5,1.9,14.2
32,james-jones,Career,Miami (FL),,122,27.5,3.8,8.9,0.426,2.8,6.3,0.444,1.0,2.7,0.38299999999999995,2.5,3.0,0.831,5.0,1.2,1.1,1.6,1.5,2.1,11.1
33,bradley-beal,Career,Florida,,37,34.2,4.7,10.6,0.445,3.0,5.6,0.541,1.7,5.0,0.33899999999999997,3.6,4.7,0.769,6.7,2.2,1.4,0.8,2.1,2.1,14.8
34,pat-garrity,Career,Notre Dame,,111,32.1,6.7,13.8,0.488,5.8,11.3,0.516,0.9,2.5,0.358,4.4,5.9,0.747,7.0,2.0,0.8,0.6,2.9,2.1,18.8
35,allan-houston,Career,Tennessee,,128,36.0,7.0,15.3,0.46,4.3,8.9,0.486,2.7,6.4,0.424,5.1,6.0,0.8490000000000001,4.0,3.6,1.0,0.4,3.2,2.1,21.9
36,jim-jackson,Career,Ohio State,,93,34.0,7.4,14.7,0.503,6.5,12.3,0.527,0.9,2.3,0.376,3.6,4.5,0.784,5.9,4.0,1.6,0.5,3.3,2.4,19.2
37,lamond-murray,Career,University of California,,88,30.6,7.3,15.0,0.489,6.2,11.6,0.5329999999999999,1.1,3.3,0.337,3.4,4.8,0.713,6.8,1.8,1.3,0.9,2.6,2.3,19.2
38,bobby-simmons,Career,DePaul,,93,31.6,4.3,10.1,0.428,3.0,6.2,0.49,1.3,3.9,0.331,3.6,4.6,0.7829999999999999,7.5,2.2,1.3,0.2,2.5,2.9,13.6
39,chauncey-billups,Career,Colorado,,55,33.9,5.4,13.1,0.413,3.2,7.4,0.43700000000000006,2.2,5.7,0.382,5.6,6.5,0.857,5.6,5.1,1.9,0.1,3.7,2.3,18.5
40,bruce-bowen,Career,Cal State Fullerton,,101,28.7,3.8,8.8,0.433,3.4,7.3,0.46399999999999997,0.4,1.5,0.28300000000000003,3.4,4.9,0.695,5.5,2.1,,,,,11.4
41,steve-smith,Career,Michigan State,,122,34.4,6.8,13.9,0.48700000000000004,5.6,11.0,0.506,1.2,2.9,0.41600000000000004,3.8,5.0,0.7559999999999999,6.1,3.7,0.9,0.3,3.1,2.6,18.5
42,damon-jones,Career,Houston,,81,32.2,4.5,10.7,0.42,2.3,4.3,0.526,2.2,6.4,0.349,1.6,2.4,0.6679999999999999,4.0,3.9,1.3,0.0,3.2,1.6,12.9
43,kawhi-leonard,Career,San Diego State,,70,31.9,5.4,12.0,0.449,4.8,9.7,0.49700000000000005,0.6,2.3,0.25,2.8,3.7,0.7440000000000001,10.2,2.2,1.4,0.6,2.2,2.5,14.1
44,hollis-thompson,Career,Georgetown,,99,24.6,3.1,6.5,0.478,1.8,3.6,0.508,1.3,2.9,0.44,1.2,1.7,0.6759999999999999,4.1,1.1,0.8,0.4,1.1,2.3,8.7
45,eddie-house,Career,Arizona State,,124,34.6,6.2,14.5,0.425,4.1,9.0,0.462,2.0,5.5,0.366,2.2,2.7,0.7979999999999999,4.0,3.3,2.1,0.2,2.1,1.8,16.5
46,tyronn-lue,Career,Nebraska,,99,32.6,5.7,12.7,0.446,4.2,8.6,0.489,1.5,4.1,0.35600000000000004,3.2,4.0,0.7879999999999999,3.4,4.4,1.6,0.1,3.3,1.6,15.9
47,patrick-mills,Career,Saint Mary's (CA),,58,,5.6,13.4,0.415,3.4,6.8,0.499,2.2,6.7,0.331,3.0,3.7,0.8059999999999999,2.2,3.7,2.0,0.2,2.9,,16.4
48,luther-head,Career,Illinois,,128,25.4,3.5,7.5,0.473,1.9,3.2,0.594,1.6,4.3,0.382,1.4,1.9,0.752,3.1,2.5,1.2,0.2,,,10.1
49,troy-murphy,Career,Notre Dame,,94,35.1,7.2,14.6,0.496,6.6,12.5,0.522,0.7,2.0,0.335,6.2,8.0,0.777,9.8,1.7,1.2,1.3,3.0,2.9,21.4
50,wesley-matthews,Career,Marquette,,127,,4.0,9.1,0.444,3.2,6.8,0.48,0.8,2.3,0.341,4.3,5.4,0.799,4.9,2.1,1.2,0.3,2.0,,13.2
51,channing-frye,Career,Arizona,,133,27.7,5.3,9.5,0.562,5.3,9.3,0.568,0.0,0.2,0.261,2.8,3.7,0.759,7.3,1.3,0.6,1.9,,,13.5
52,arron-afflalo,Career,UCLA,,104,32.7,5.0,10.9,0.457,3.0,5.5,0.539,2.0,5.4,0.373,2.8,3.6,0.7809999999999999,3.5,1.9,0.6,0.2,,,14.8
53,allen-crabbe,Career,University of California,,98,34.7,5.4,12.2,0.446,3.3,6.6,0.5,2.1,5.6,0.382,2.7,3.3,0.8190000000000001,5.7,2.2,0.9,0.6,1.9,1.7,15.7
54,meyers-leonard,Career,Illinois,,65,19.8,3.0,5.4,0.5670000000000001,3.0,5.2,0.585,0.0,0.2,0.083,1.6,2.2,0.7290000000000001,4.7,0.7,0.3,1.1,1.4,2.2,7.7
55,shane-battier,Career,Duke,,146,31.4,4.5,8.9,0.5,2.8,4.9,0.57,1.7,4.1,0.41600000000000004,3.0,3.8,0.777,6.1,1.6,1.8,1.7,1.2,1.6,13.6
56,mike-bibby,Career,Arizona,,69,32.6,5.2,11.4,0.456,3.1,6.1,0.514,2.1,5.3,0.39,2.9,3.9,0.73,3.1,5.4,2.3,0.2,2.9,1.1,15.4
57,matt-carroll,Career,Notre Dame,,133,31.2,4.7,10.6,0.445,2.5,4.9,0.503,2.3,5.7,0.395,2.2,2.7,0.825,4.3,2.4,0.9,0.2,,,13.9
58,courtney-lee,Career,Western Kentucky,,127,31.2,6.3,13.6,0.46399999999999997,4.4,8.8,0.498,1.9,4.8,0.401,3.1,3.7,0.8170000000000001,5.2,2.2,1.9,0.6,2.3,,17.6
59,kevin-martin,Career,Western Carolina,,79,31.8,7.2,15.5,0.462,4.9,9.1,0.542,2.2,6.4,0.34600000000000003,6.8,8.0,0.841,4.5,1.7,1.7,0.4,,,23.3
60,steve-blake,Career,Maryland,,138,31.3,2.7,6.8,0.401,1.4,3.3,0.423,1.3,3.5,0.381,1.5,2.0,0.7709999999999999,3.4,7.0,1.7,0.3,3.3,2.1,8.3
61,eric-gordon,Career,Indiana,,32,34.7,5.8,13.3,0.433,3.6,6.8,0.525,2.2,6.5,0.337,7.2,8.7,0.8340000000000001,3.3,2.4,1.3,0.6,3.6,,20.9
62,roger-mason,Career,Virginia,,89,29.6,4.4,10.0,0.436,2.8,5.9,0.479,1.5,4.1,0.375,3.6,4.1,0.8690000000000001,3.0,2.6,1.0,0.4,2.2,2.3,13.8
63,gary-neal,Career,Overall,,106,,7.0,16.3,0.42700000000000005,4.1,8.3,0.49200000000000005,2.9,8.0,0.359,4.9,5.9,0.8270000000000001,3.9,2.6,1.2,0.1,,,21.7
64,brian-cook,Career,Illinois,,132,25.7,4.8,9.4,0.51,4.1,7.3,0.5579999999999999,0.7,2.1,0.33899999999999997,2.9,3.7,0.7929999999999999,6.2,1.3,0.7,1.0,2.0,3.0,13.2
65,cuttino-mobley,Career,Rhode Island,,93,27.6,5.0,11.5,0.43799999999999994,3.4,7.0,0.49,1.6,4.4,0.354,2.8,3.4,0.821,4.2,2.0,1.5,0.4,1.9,1.9,14.3
66,michael-finley,Career,Wisconsin,,115,34.3,6.4,14.6,0.44,4.6,9.1,0.501,1.9,5.5,0.33799999999999997,4.0,5.2,0.769,5.6,3.2,1.5,0.7,2.8,2.5,18.7
67,jimmer-fredette,Career,BYU,,139,33.5,6.0,13.3,0.455,3.9,7.8,0.49700000000000005,2.1,5.4,0.39399999999999996,4.5,5.1,0.882,2.6,3.7,1.2,0.1,2.5,0.6,18.7
68,jason-terry,Career,Arizona,,129,26.0,3.8,8.6,0.44299999999999995,2.3,4.6,0.503,1.5,4.0,0.374,2.3,2.9,0.784,2.3,3.8,1.9,0.1,2.4,1.0,11.3
69,kevin-durant,Career,Texas,,35,35.9,8.7,18.5,0.473,6.4,12.7,0.505,2.3,5.8,0.40399999999999997,6.0,7.3,0.816,11.1,1.3,1.9,1.9,,,25.8
70,danny-granger,Career,Overall,,95,28.4,5.6,11.2,0.496,4.7,9.0,0.529,0.8,2.2,0.366,4.7,6.3,0.753,8.2,1.6,1.6,1.9,,,16.7
71,richard-jefferson,Career,Arizona,,84,26.3,4.0,8.1,0.49,3.3,6.2,0.528,0.7,1.9,0.368,2.5,3.5,0.718,5.0,2.8,0.6,0.8,2.7,2.6,11.2
72,chandler-parsons,Career,Florida,,142,32.6,3.7,7.8,0.47700000000000004,2.6,4.6,0.575,1.1,3.2,0.337,1.7,2.8,0.611,6.0,2.4,0.9,0.3,1.6,1.0,10.2
73,michael-redd,Career,Ohio State,,96,33.1,7.3,16.3,0.44799999999999995,6.0,12.2,0.491,1.3,4.1,0.319,3.7,5.7,0.649,6.2,2.5,1.6,0.1,2.3,1.2,19.6
74,mike-james,Career,Duquesne,,111,25.8,4.8,10.9,0.444,4.0,8.3,0.479,0.8,2.5,0.32899999999999996,2.2,3.0,0.726,3.0,2.8,1.8,0.1,,,12.7
75,derek-fisher,Career,Arkansas-Little Rock,,112,32.6,3.9,9.4,0.41200000000000003,2.7,6.4,0.42700000000000005,1.1,3.0,0.38,3.6,4.8,0.748,4.3,4.2,1.6,0.1,2.4,2.6,12.4
76,kyrie-irving,Career,Duke,,11,27.5,5.0,9.5,0.529,3.4,5.9,0.569,1.6,3.5,0.462,5.8,6.5,0.9009999999999999,3.4,4.3,1.5,0.5,2.5,2.1,17.5
77,scott-padgett,Career,Kentucky,,122,22.8,3.5,7.7,0.449,2.2,4.3,0.517,1.2,3.4,0.364,2.1,2.7,0.759,5.3,2.0,1.2,0.6,1.5,1.5,10.3
78,mo-williams,Career,Alabama,,64,33.7,4.4,10.9,0.405,3.0,6.1,0.49200000000000005,1.4,4.8,0.294,2.8,3.4,0.847,3.9,4.2,1.5,0.1,3.0,2.4,13.1
79,ryan-anderson,Career,University of California,,66,33.0,6.3,13.1,0.484,4.5,8.5,0.532,1.8,4.7,0.396,4.2,5.0,0.841,9.0,1.0,0.5,0.5,2.2,,18.7
80,chris-quinn,Career,Notre Dame,,123,31.0,4.0,8.9,0.446,2.0,4.3,0.478,1.9,4.7,0.41700000000000004,1.9,2.3,0.825,2.7,3.5,1.3,0.1,,,11.8
81,terrence-ross,Career,Washington,,69,24.4,4.6,10.1,0.45299999999999996,2.9,5.5,0.528,1.7,4.6,0.364,1.4,1.8,0.764,4.7,1.2,0.9,0.7,1.4,2.4,12.3
82,harrison-barnes,Career,UNC,,75,29.3,5.8,13.6,0.43,4.3,9.1,0.469,1.5,4.4,0.349,3.1,4.3,0.7340000000000001,5.5,1.3,0.9,0.4,1.9,1.9,16.3
83,mike-dunleavy,Career,South Carolina,,111,33.9,5.5,11.4,0.484,,,,,,,3.2,4.0,0.7979999999999999,3.1,,,,,,14.3
84,wayne-ellington,Career,UNC,,115,,5.4,11.6,0.46299999999999997,3.4,6.6,0.513,2.0,5.0,0.397,2.0,2.5,0.809,4.1,2.2,0.9,0.1,1.7,,14.7
85,george-hill,Career,IUPUI,,95,33.3,5.6,10.7,0.529,4.7,8.3,0.565,0.9,2.3,0.40399999999999997,4.8,6.1,0.785,5.8,3.3,1.6,0.3,2.9,,17.0
86,kirk-hinrich,Career,Kansas,,141,29.7,4.4,8.8,0.493,2.7,5.0,0.542,1.7,3.9,0.43,2.0,2.6,0.7759999999999999,3.8,4.7,1.5,0.4,2.7,2.7,12.4
87,chris-whitney,Career,Clemson,,58,36.3,4.6,10.8,0.42700000000000005,1.7,3.9,0.451,2.9,7.0,0.413,2.4,3.1,0.7879999999999999,3.7,6.1,2.0,0.0,3.5,3.1,14.6
88,shammond-williams,Career,UNC,,134,20.2,3.4,7.6,0.455,1.7,3.2,0.523,1.7,4.3,0.40299999999999997,2.2,2.6,0.8490000000000001,2.5,3.0,0.7,0.0,1.8,0.9,10.8
89,darren-collison,Career,UCLA,,141,,4.0,8.3,0.478,2.8,5.7,0.496,1.2,2.6,0.439,2.5,2.9,0.85,2.3,4.1,1.6,0.1,2.4,,11.6
90,jordan-farmar,Career,UCLA,,66,32.2,4.4,10.8,0.41,3.0,6.4,0.46299999999999997,1.5,4.4,0.33299999999999996,3.0,4.0,0.76,3.0,5.2,1.2,0.2,,,13.3
91,patrick-beverley,Career,Arkansas,,70,,4.1,9.7,0.42,2.1,4.6,0.46299999999999997,2.0,5.2,0.382,2.8,3.9,0.73,5.5,2.8,1.5,0.4,2.0,,13.0
92,vince-carter,Career,UNC,,103,23.0,4.7,8.5,0.547,3.7,5.9,0.625,1.0,2.6,0.368,2.0,2.8,0.705,4.5,1.9,1.1,0.8,1.3,1.3,12.3
93,mike-conley,Career,Ohio State,,39,31.6,4.1,7.9,0.518,3.6,6.2,0.579,0.5,1.8,0.304,2.6,3.7,0.6940000000000001,3.4,6.1,2.2,0.3,,,11.3
94,zach-lavine,Career,UCLA,,37,24.4,3.4,7.8,0.441,2.1,4.3,0.494,1.3,3.5,0.375,1.3,1.8,0.691,2.5,1.8,0.9,0.2,1.1,2.0,9.4
95,jodie-meeks,Career,Kentucky,,81,,4.8,10.9,0.436,2.6,5.2,0.491,2.2,5.7,0.386,3.7,4.1,0.89,3.0,1.6,1.1,0.1,2.3,,15.4
96,reggie-miller,Career,UCLA,,122,31.4,6.3,11.5,0.547,5.6,9.3,0.597,2.2,4.9,0.439,4.0,4.8,0.836,4.2,2.0,1.3,0.2,1.8,2.1,17.2
97,kelly-olynyk,Career,Gonzaga,,101,17.2,3.3,5.6,0.594,3.1,4.9,0.634,0.2,0.7,0.33299999999999996,2.0,2.8,0.7090000000000001,4.6,1.1,0.5,0.5,1.4,2.0,8.9
98,morris-peterson,Career,Michigan State,,137,23.4,4.1,8.5,0.484,3.0,5.6,0.537,1.1,2.8,0.377,2.3,3.1,0.746,4.7,0.9,0.9,0.3,1.5,1.7,11.6
99,tim-thomas,Career,Villanova,,32,31.4,5.8,13.0,0.45,4.4,8.6,0.507,1.5,4.4,0.336,3.8,4.8,0.7959999999999999,6.0,2.1,1.8,1.0,2.8,2.8,16.9
100,brian-cardinal,Career,Purdue,,132,28.8,3.8,8.1,0.461,2.8,5.4,0.508,1.0,2.7,0.365,3.5,4.6,0.7609999999999999,5.7,2.1,2.0,0.3,2.1,2.2,12.0
101,joe-johnson,Career,Arkansas,,53,30.3,5.7,12.2,0.466,4.5,9.3,0.485,1.2,2.9,0.406,2.4,3.2,0.753,6.1,2.4,1.7,0.5,2.5,1.7,15.0
102,cartier-martin,Career,Kansas State,,112,27.6,4.6,10.1,0.45799999999999996,3.0,6.1,0.49700000000000005,1.6,4.0,0.39899999999999997,2.9,3.8,0.78,4.8,1.5,0.7,0.2,,,13.8
103,keith-van-horn,Career,Utah,,122,30.6,7.3,14.0,0.522,5.6,9.8,0.575,1.7,4.2,0.401,4.5,5.3,0.851,8.8,1.2,0.7,1.0,2.3,2.1,20.8
104,charlie-ward,Career,Florida State,,91,29.5,2.9,6.5,0.441,2.1,4.0,0.515,0.8,2.5,0.32299999999999995,1.5,2.4,0.636,2.9,4.4,2.6,0.2,2.3,2.1,8.1
105,delonte-west,Career,St. Joseph's,,89,26.8,5.1,10.3,0.489,3.8,7.0,0.544,1.3,3.4,0.377,2.5,3.0,0.831,4.2,3.0,1.4,0.2,,,13.9
106,bryant-stith,Career,Virginia,,131,33.5,6.5,13.5,0.483,5.7,11.1,0.511,0.9,2.5,0.353,5.3,6.7,0.789,6.6,1.6,1.4,0.4,2.1,2.4,19.2
107,aaron-brooks,Career,Oregon,,115,32.7,4.3,10.1,0.43,2.6,5.4,0.479,1.8,4.8,0.374,2.7,3.2,0.8340000000000001,3.5,4.1,1.1,0.1,,,13.1
108,eddie-jones,Career,Temple,,92,33.9,6.1,13.4,0.45799999999999996,4.6,9.0,0.511,1.5,4.4,0.35,2.2,3.5,0.614,6.1,1.6,2.1,1.2,1.5,2.5,16.0
109,voshon-lenard,Career,Minnesota,,127,29.7,5.7,12.7,0.44799999999999995,3.5,6.8,0.521,2.2,5.9,0.366,3.0,3.7,0.802,3.8,2.5,1.4,0.3,1.9,2.6,16.6
110,damian-lillard,Career,Weber State,,104,33.6,5.6,12.6,0.446,3.3,6.5,0.49700000000000005,2.4,6.1,0.39,5.0,5.8,0.867,4.3,3.5,1.2,0.2,2.4,1.4,18.6
111,kendall-marshall,Career,UNC,,73,28.8,2.5,5.6,0.446,1.8,3.8,0.484,0.7,1.8,0.366,1.5,2.2,0.693,2.3,8.0,1.1,0.1,2.6,1.5,7.2
112,glen-rice,Career,Michigan,,134,29.8,7.5,13.1,0.569,7.5,12.6,0.591,1.3,2.8,0.48,2.3,2.8,0.797,6.4,2.0,0.8,0.3,1.8,1.9,18.2
113,jason-richardson,Career,Michigan State,,70,21.7,3.7,7.4,0.503,2.9,5.3,0.551,0.8,2.1,0.38299999999999995,1.4,2.1,0.649,5.0,1.4,0.8,0.5,1.1,1.9,9.6
114,bryon-russell,Career,Long Beach State,,86,27.1,4.2,8.2,0.513,3.8,7.2,0.5379999999999999,0.4,1.0,0.344,2.9,4.2,0.6829999999999999,6.6,1.6,1.4,0.6,2.1,3.2,11.7
115,kyle-singler,Career,Duke,,148,35.4,5.5,12.7,0.433,3.7,7.7,0.479,1.8,5.0,0.363,3.4,4.3,0.773,6.9,2.0,1.1,0.7,2.1,1.2,16.2
116,nick-young,Career,USC,,96,31.1,5.8,11.9,0.484,4.8,9.2,0.518,1.0,2.7,0.368,3.0,3.9,0.764,5.1,1.4,0.8,0.3,,,15.5
117,demarre-carroll,Career,Overall,,134,,4.5,8.4,0.535,4.3,7.6,0.5589999999999999,0.2,0.7,0.281,2.1,3.5,0.603,6.0,1.6,1.1,0.4,1.5,,11.2
118,randy-foye,Career,Villanova,,131,31.3,5.2,13.1,0.39899999999999997,3.6,8.1,0.441,1.6,4.9,0.32899999999999996,3.0,3.8,0.7809999999999999,4.8,3.2,1.5,0.4,,,15.0
119,kerry-kittles,Career,Villanova,,122,36.1,6.7,14.1,0.478,4.5,8.3,0.536,2.3,5.8,0.39399999999999996,2.6,3.7,0.7190000000000001,5.9,3.3,2.3,0.4,2.0,1.5,18.4
120,raef-lafrentz,Career,Kansas,,131,26.6,6.3,11.3,0.555,6.2,11.1,0.56,0.1,0.3,0.371,3.1,4.3,0.7120000000000001,9.1,0.7,0.7,1.1,1.8,1.9,15.8
121,james-harden,Career,Arizona State,,69,,6.0,11.9,0.506,4.6,8.0,0.57,1.5,3.9,0.376,5.4,7.2,0.755,5.4,3.7,1.9,0.4,3.0,,19.0
122,jrue-holiday,Career,UCLA,,35,,3.2,7.1,0.45,2.4,4.6,0.528,0.8,2.5,0.307,1.3,1.8,0.726,3.8,3.7,1.6,0.5,2.1,,8.5
123,donyell-marshall,Career,UConn,,91,31.0,6.6,13.5,0.48700000000000004,5.7,10.7,0.5329999999999999,0.8,2.7,0.306,4.1,5.4,0.77,7.6,1.4,1.2,2.7,2.6,2.5,18.1
124,rashad-mccants,Career,UNC,,98,29.2,6.3,12.9,0.486,4.0,7.4,0.5379999999999999,2.3,5.4,0.415,2.8,3.8,0.721,4.1,2.1,1.5,0.6,,,17.6
125,jameer-nelson,Career,St. Joseph's,,125,34.5,5.6,12.4,0.45399999999999996,3.8,7.4,0.514,1.8,5.0,0.365,3.7,4.7,0.7859999999999999,4.6,5.7,2.0,0.1,,,16.8
126,paul-pierce,Career,Kansas,,108,26.8,6.0,12.4,0.48100000000000004,5.0,9.6,0.518,1.0,2.8,0.355,3.4,4.9,0.6970000000000001,6.3,2.2,1.4,0.9,2.7,1.7,16.4
127,patrick-patterson,Career,Kentucky,,97,33.0,6.4,10.9,0.585,6.1,10.1,0.604,0.2,0.8,0.32899999999999996,3.2,4.3,0.7340000000000001,8.2,1.5,0.7,1.6,1.6,0.6,16.1
128,tayshaun-prince,Career,Kentucky,,135,29.8,4.8,10.5,0.457,3.3,5.9,0.556,1.5,4.6,0.32899999999999996,2.0,2.7,0.743,5.6,1.9,0.8,1.1,1.7,1.4,13.1
129,ty-lawson,Career,UNC,,105,,4.4,8.5,0.517,3.3,5.9,0.568,1.1,2.6,0.40299999999999997,3.2,4.1,0.78,2.9,5.8,1.8,0.1,2.0,,13.1
130,john-salmons,Career,Miami (FL),,124,30.8,3.6,7.7,0.466,2.9,5.5,0.523,0.7,2.2,0.321,2.5,3.1,0.805,5.5,3.5,1.5,0.7,2.6,2.5,10.4
131,salim-stoudamire,Career,Arizona,,129,29.8,4.8,10.1,0.47100000000000003,2.1,4.3,0.488,2.7,5.8,0.45799999999999996,3.0,3.5,0.87,2.2,2.0,0.8,0.1,,,15.2
132,chucky-atkins,Career,South Florida,,111,34.1,4.7,11.6,0.41,2.5,5.5,0.462,2.2,6.1,0.36200000000000004,2.9,3.9,0.737,3.0,4.7,1.0,0.1,3.1,1.9,14.6
133,jerryd-bayless,Career,Arizona,,30,35.7,5.8,12.6,0.45799999999999996,3.8,7.8,0.489,2.0,4.8,0.40700000000000003,6.2,7.4,0.8390000000000001,2.7,4.0,1.0,0.1,3.0,,19.7
134,alec-burks,Career,Colorado,,68,30.9,6.2,12.6,0.495,5.5,10.4,0.5329999999999999,0.7,2.2,0.313,5.9,7.3,0.804,5.8,2.4,1.1,0.4,2.3,2.4,19.0
135,chris-copeland,Career,Colorado,,113,,2.5,5.9,0.431,1.5,3.0,0.49700000000000005,1.0,2.9,0.361,1.4,2.0,0.701,3.8,1.0,0.4,0.8,,,7.5
136,anthony-johnson,Career,College of Charleston,,117,24.0,2.9,6.1,0.466,2.3,4.7,0.485,0.6,1.4,0.40399999999999997,1.9,2.6,0.725,2.6,4.4,1.3,0.2,,,8.2
137,aaron-mckie,Career,Temple,,92,38.0,6.1,14.5,0.42100000000000004,4.2,9.2,0.45299999999999996,1.9,5.3,0.366,3.8,4.8,0.79,6.4,3.3,2.1,0.3,1.9,2.1,17.9
138,chris-paul,Career,Wake Forest,,63,33.5,4.4,9.3,0.47200000000000003,3.0,6.4,0.473,1.4,2.9,0.47,4.9,5.8,0.838,3.9,6.3,2.5,0.2,,,15.0
139,quincy-pondexter,Career,Washington,,136,32.3,4.8,9.5,0.503,4.4,8.3,0.528,0.4,1.2,0.327,3.1,4.1,0.768,5.6,1.7,0.8,0.3,1.9,0.7,13.1
140,jalen-rose,Career,Michigan,,102,34.4,6.2,13.3,0.46399999999999997,5.0,9.7,0.512,1.2,3.6,0.336,4.0,5.4,0.738,4.7,3.9,1.2,0.3,3.1,2.4,17.5
141,david-wesley,Career,Baylor,,72,31.3,5.1,11.6,0.441,3.4,7.1,0.48100000000000004,1.7,4.5,0.377,5.1,6.1,0.828,3.5,4.4,2.0,0.2,3.5,2.8,17.0
142,ricky-davis,Career,Iowa,,31,,5.6,12.0,0.466,4.7,9.0,0.518,0.9,2.9,0.308,2.9,4.2,0.698,4.8,2.4,1.2,0.3,,,15.0
143,paul-george,Career,Fresno State,,63,33.2,5.1,11.4,0.447,3.1,6.5,0.485,1.9,4.9,0.396,3.4,4.2,0.8029999999999999,6.7,2.4,2.0,0.9,2.7,1.3,15.5
144,jamal-mashburn,Career,Kentucky,,98,30.2,6.9,13.3,0.516,5.4,9.3,0.5770000000000001,1.5,4.0,0.376,3.5,5.1,0.6970000000000001,7.8,2.2,1.6,0.5,2.5,3.1,18.8
145,erick-strickland,Career,Nebraska,,127,25.5,4.2,9.6,0.439,2.8,5.6,0.504,1.4,4.0,0.349,2.7,3.4,0.7759999999999999,4.0,3.3,2.0,0.3,2.6,2.8,12.5
146,isaiah-canaan,Career,Murray State,,132,29.4,4.8,10.7,0.45,2.5,5.2,0.483,2.3,5.5,0.419,3.6,4.5,0.8029999999999999,2.8,2.9,1.2,0.1,2.4,1.8,15.5
147,robert-covington,Career,Tennessee State,,118,30.0,5.3,11.1,0.47600000000000003,3.7,7.4,0.502,1.5,3.7,0.42200000000000004,2.7,3.4,0.802,7.4,1.2,1.5,1.3,2.3,3.0,14.8
148,chris-duhon,Career,Duke,,144,33.4,3.0,7.2,0.418,1.9,3.7,0.511,1.1,3.5,0.321,1.7,2.4,0.693,3.4,5.7,2.1,0.1,,,8.8
149,maurice-evans,Career,Overall,,93,32.7,5.6,13.0,0.43200000000000005,3.4,7.2,0.47200000000000003,2.2,5.7,0.382,3.1,4.2,0.752,4.8,1.4,1.0,0.6,,,16.5
150,kevin-love,Career,UCLA,,39,29.6,5.8,10.4,0.5589999999999999,5.1,8.3,0.611,0.7,2.1,0.354,5.1,6.6,0.767,10.6,1.9,0.7,1.4,2.0,,17.5
151,marcus-morris,Career,Kansas,,109,26.6,4.7,8.4,0.555,4.3,7.3,0.585,0.4,1.1,0.358,2.9,4.3,0.66,6.2,1.3,0.9,0.4,1.6,1.8,12.6
152,reggie-williams,Career,Georgetown,,138,29.2,5.9,12.0,0.49,6.1,11.4,0.532,2.3,5.9,0.386,3.1,4.0,0.768,6.4,2.4,1.5,0.5,2.3,2.7,15.3
153,rasual-butler,Career,La Salle,,110,38.3,6.8,16.7,0.409,4.3,9.6,0.447,2.6,7.1,0.359,3.1,3.7,0.8290000000000001,5.9,1.6,1.0,1.1,2.7,2.0,19.3
154,walter-mccarty,Career,Kentucky,,103,20.5,3.4,6.6,0.515,2.7,4.8,0.557,0.7,1.8,0.401,1.6,2.4,0.684,5.1,1.8,0.9,1.0,1.8,2.7,9.2
155,isaiah-thomas,Career,Washington,,105,31.5,5.3,12.4,0.426,3.7,7.6,0.49,1.6,4.8,0.325,4.3,6.0,0.713,3.5,4.0,1.2,0.1,2.7,1.4,16.4
156,nick-van-exel,Career,Cincinnati,,65,29.0,5.3,12.9,0.409,3.0,6.5,0.45899999999999996,2.3,6.3,0.358,2.4,3.4,0.701,2.5,3.6,1.5,0.1,2.0,1.6,15.2
157,charlie-bell,Career,Michigan State,,140,27.0,3.7,8.5,0.439,2.8,5.9,0.48100000000000004,0.9,2.6,0.34299999999999997,2.2,2.8,0.782,4.5,2.7,0.9,0.1,,,10.5
158,royal-ivey,Career,Texas,,133,24.7,2.8,6.1,0.455,2.4,4.9,0.483,0.4,1.2,0.33799999999999997,1.9,2.6,0.7090000000000001,3.1,2.3,0.9,0.2,,,7.8
159,damon-stoudamire,Career,Arizona,,123,29.8,5.0,10.9,0.457,2.8,5.4,0.514,2.2,5.5,0.402,2.8,3.5,0.804,3.8,5.4,1.4,0.1,3.1,2.0,15.0
160,avery-bradley,Career,Texas,,34,29.5,4.7,10.8,0.43200000000000005,3.4,7.5,0.457,1.2,3.3,0.375,1.1,1.9,0.545,2.9,2.1,1.3,0.5,1.5,2.4,11.6
161,toney-douglas,Career,Overall,,130,,5.7,12.9,0.442,3.8,8.0,0.483,1.8,4.9,0.376,3.6,4.4,0.802,3.8,2.6,1.8,0.3,2.6,,16.8
162,gordon-hayward,Career,Butler,,69,33.5,4.3,9.2,0.47,2.6,4.6,0.569,1.7,4.6,0.369,4.1,4.9,0.8240000000000001,7.4,1.8,1.3,0.9,2.0,1.1,14.4
163,rodney-hood,Career,Overall,,67,32.8,4.7,10.4,0.455,3.0,6.0,0.499,1.8,4.4,0.396,2.0,2.6,0.773,4.3,2.1,0.6,0.3,1.3,2.0,13.3
164,bobby-jackson,Career,Minnesota,,60,29.7,5.1,11.9,0.42700000000000005,4.1,8.7,0.47100000000000003,1.0,3.2,0.307,3.3,4.1,0.7859999999999999,5.5,3.5,1.8,0.3,2.3,2.8,14.4
165,brandon-knight,Career,Kentucky,,38,35.9,5.7,13.5,0.423,3.4,7.4,0.461,2.3,6.1,0.377,3.6,4.5,0.795,4.0,4.2,0.7,0.2,3.2,2.2,17.3
166,nate-robinson,Career,Washington,,89,28.2,5.0,11.0,0.457,3.6,6.9,0.523,1.4,4.1,0.348,3.0,3.7,0.7929999999999999,3.9,3.2,1.6,0.1,,,14.4
167,daequan-cook,Career,Ohio State,,39,19.7,3.6,8.1,0.445,2.2,4.8,0.465,1.4,3.3,0.415,1.2,1.7,0.6970000000000001,4.3,1.0,0.7,0.3,,,9.8
168,marcus-thornton,Career,LSU,,66,,7.1,15.6,0.455,4.5,8.9,0.51,2.5,6.7,0.382,3.7,4.8,0.7709999999999999,5.5,1.8,1.5,0.3,2.0,,20.4
169,mario-chalmers,Career,Kansas,,110,28.5,4.0,8.3,0.486,2.4,4.4,0.545,1.6,3.9,0.419,2.5,3.2,0.767,2.8,3.8,2.6,0.4,1.9,,12.2
170,tim-hardaway,Career,UTEP,,124,28.8,4.6,9.5,0.484,4.8,9.5,0.51,0.7,2.0,0.35200000000000004,3.0,4.2,0.718,2.6,4.5,2.1,0.2,2.0,2.4,12.8
171,kareem-rush,Career,Missouri,,84,30.2,6.5,14.7,0.445,3.9,8.3,0.46399999999999997,2.7,6.4,0.42200000000000004,3.1,4.0,0.777,5.4,2.1,1.2,0.6,2.8,2.3,18.9
172,doug-christie,Career,Pepperdine,,87,30.6,5.6,11.7,0.473,4.8,9.1,0.525,0.8,2.7,0.297,4.1,5.5,0.747,5.1,4.5,1.9,1.0,3.8,2.4,16.0
173,rick-fox,Career,UNC,,140,22.7,4.5,8.7,0.518,3.4,5.9,0.58,1.1,2.8,0.38799999999999996,2.0,2.7,0.757,4.2,2.3,1.4,0.3,2.4,2.9,12.2
174,francisco-garcia,Career,Louisville,,98,28.1,4.7,10.5,0.44799999999999995,2.9,5.5,0.519,1.8,5.0,0.369,3.2,3.7,0.8490000000000001,3.9,3.5,1.5,1.4,,,14.4
175,jordan-hamilton,Career,Lehigh,,93,16.9,1.5,3.5,0.425,0.9,1.6,0.547,0.6,1.9,0.324,0.7,1.0,0.753,1.4,0.5,0.3,0.3,0.7,1.6,4.3
176,anthony-tolliver,Career,Creighton,,124,21.5,2.9,5.8,0.491,2.7,5.3,0.506,0.2,0.5,0.33299999999999996,2.2,3.3,0.6709999999999999,4.9,1.1,0.6,1.1,,,8.1
177,deron-williams,Career,Illinois,,101,31.7,4.0,9.4,0.42200000000000004,2.3,5.1,0.46399999999999997,1.6,4.3,0.374,1.5,2.1,0.685,3.3,5.9,1.1,0.2,,,11.0
178,jarvis-hayes,Career,Overall,,84,31.4,6.8,15.0,0.457,5.0,9.9,0.502,1.9,5.1,0.369,2.4,3.1,0.772,5.0,1.5,1.3,0.5,1.7,2.3,18.0
179,kyle-lowry,Career,Villanova,,57,26.7,3.2,7.1,0.449,2.9,6.4,0.46299999999999997,0.2,0.7,0.325,2.9,4.0,0.737,3.8,3.0,1.9,0.2,,,9.5
180,jannero-pargo,Career,Arkansas,,60,25.5,5.0,10.9,0.455,2.2,4.3,0.5,2.8,6.6,0.425,1.7,2.0,0.82,2.2,2.8,1.6,0.0,,,14.4
181,clifford-robinson,Career,UConn,,109,28.0,5.7,12.7,0.452,7.1,15.4,0.45799999999999996,0.2,0.6,0.33299999999999996,3.7,5.8,0.644,6.1,1.2,1.0,1.1,2.4,3.2,15.3
182,ime-udoka,Career,Overall,,45,29.3,2.7,7.2,0.377,2.2,5.2,0.415,0.6,2.0,0.28300000000000003,2.4,3.4,0.7170000000000001,4.8,2.0,1.0,0.3,,,8.5
183,rafer-alston,Career,Fresno State,,33,,3.8,9.4,0.401,1.8,3.4,0.513,2.0,5.9,0.337,1.5,2.0,0.758,2.2,7.3,2.1,0.4,,,11.0
184,lucious-harris,Career,Long Beach State,,122,34.3,6.4,13.9,0.45799999999999996,4.6,9.1,0.508,1.7,4.8,0.36200000000000004,4.5,6.2,0.727,4.8,2.4,1.6,0.2,2.1,2.0,19.0
185,sarunas-jasikevicius,Career,Maryland,,120,15.5,2.6,6.0,0.43700000000000006,1.5,3.0,0.5,1.1,3.0,0.375,1.3,1.8,0.733,2.0,2.0,0.8,0.1,,,7.7
186,jason-kidd,Career,University of California,,59,33.5,5.1,10.8,0.46799999999999997,3.8,7.0,0.541,1.3,3.8,0.33299999999999996,3.5,5.1,0.677,5.9,8.4,3.5,0.3,4.1,2.5,14.9
187,quentin-richardson,Career,DePaul,,64,34.2,6.3,14.0,0.45399999999999996,4.5,9.0,0.5,1.8,5.0,0.369,3.4,4.7,0.728,10.2,1.6,0.9,0.3,2.2,2.3,17.9
188,jeff-teague,Career,Wake Forest,,61,,5.2,11.2,0.462,3.9,8.2,0.47700000000000004,1.3,3.0,0.42100000000000004,4.8,5.9,0.812,3.0,3.0,1.9,0.6,3.0,,16.4
189,derek-anderson,Career,Overall,,99,24.9,4.1,8.5,0.48200000000000004,3.2,6.0,0.532,0.9,2.5,0.364,3.2,4.0,0.805,3.8,3.2,1.9,0.2,2.0,2.5,12.4
190,howard-eisley,Career,Boston College,,126,35.3,4.2,9.5,0.444,2.6,6.0,0.44299999999999995,1.6,3.5,0.447,3.0,3.8,0.784,3.3,4.3,1.5,0.1,2.9,2.8,12.9
191,al-harrington,Career,St. Francis (NY),,29,9.6,1.0,2.6,0.37799999999999995,0.9,2.5,0.375,0.0,0.1,0.5,0.4,0.9,0.40700000000000003,2.2,0.1,0.3,0.2,0.5,1.3,2.3
192,marvin-williams,Career,UNC,,36,22.2,3.5,6.9,0.506,2.9,5.6,0.522,0.5,1.2,0.43200000000000005,3.8,4.5,0.847,6.6,0.7,1.1,0.5,,,11.3
193,keith-bogans,Career,Kentucky,,135,29.0,5.0,11.4,0.43700000000000006,3.1,5.9,0.527,1.9,5.5,0.342,2.4,3.5,0.688,4.1,2.3,1.1,0.1,2.3,2.0,14.2
194,tony-delk,Career,Kentucky,,133,23.7,5.1,10.8,0.474,3.0,5.5,0.5489999999999999,2.1,5.4,0.397,1.8,2.6,0.7090000000000001,3.5,1.6,1.5,0.3,1.5,1.8,14.2
195,travis-diener,Career,Marquette,,120,31.4,4.3,10.2,0.41600000000000004,1.9,4.5,0.42,2.4,5.7,0.413,3.2,3.8,0.8370000000000001,3.1,5.1,1.3,0.1,,,14.1
196,spencer-hawes,Career,Washington,,31,28.9,6.2,11.7,0.532,6.2,11.6,0.5329999999999999,0.0,0.1,0.33299999999999996,2.4,3.2,0.755,6.4,1.9,0.5,1.7,,,14.9
197,fred-jones,Career,Oregon,,125,28.2,4.4,9.2,0.48100000000000004,3.3,5.7,0.568,1.2,3.5,0.33799999999999997,3.1,3.9,0.805,5.0,2.9,1.2,0.6,2.4,2.5,13.2
198,brian-roberts,Career,Dayton,,125,,5.2,11.5,0.452,2.9,6.2,0.462,2.3,5.3,0.441,2.9,3.4,0.8490000000000001,3.0,2.8,0.5,0.1,2.8,,15.7
199,trevor-ariza,Career,UCLA,,25,31.6,4.3,10.0,0.426,3.6,7.0,0.509,0.7,3.0,0.237,2.3,4.5,0.504,6.5,2.1,1.7,0.4,,,11.6
200,chase-budinger,Career,Arizona,,100,,6.0,12.8,0.469,4.1,7.8,0.524,1.9,5.0,0.38299999999999995,3.1,4.0,0.782,5.8,2.8,1.3,0.4,2.4,,17.0
201,casey-jacobsen,Career,Stanford,,95,31.8,5.8,12.2,0.47,3.4,6.8,0.505,2.3,5.5,0.42700000000000005,4.3,5.6,0.7709999999999999,3.8,2.7,0.5,0.1,2.0,1.4,18.1
202,greg-anthony,Career,Overall,,138,30.5,4.3,9.7,0.43700000000000006,3.0,6.5,0.467,1.2,3.3,0.379,2.8,4.0,0.7070000000000001,3.1,6.9,2.4,0.3,2.7,2.5,12.6
203,gilbert-arenas,Career,Arizona,,70,30.5,5.6,12.1,0.466,4.1,7.9,0.523,1.5,4.2,0.361,3.0,4.0,0.738,3.8,2.2,1.9,0.2,2.7,2.4,15.8
204,kent-bazemore,Career,Old Dominion,,140,29.6,3.7,8.3,0.447,3.0,6.1,0.486,0.7,2.1,0.33399999999999996,2.0,3.5,0.581,4.6,2.7,1.8,0.5,2.3,1.8,10.1
205,austin-daye,Career,Gonzaga,,67,,4.1,8.6,0.47700000000000004,3.2,6.4,0.495,0.9,2.2,0.42200000000000004,2.5,3.1,0.79,5.8,1.0,0.7,1.9,1.9,,11.6
206,tony-snell,Career,New Mexico,,104,24.8,3.0,7.1,0.42100000000000004,1.4,2.9,0.48,1.6,4.2,0.38,1.6,1.9,0.821,2.4,2.0,0.5,0.3,1.5,1.2,9.2
207,earl-boykins,Career,Eastern Michigan,,122,34.1,6.2,14.2,0.439,4.7,10.0,0.475,1.5,4.2,0.353,4.2,5.2,0.8029999999999999,2.3,5.1,1.8,0.1,2.8,1.2,18.1
208,tim-hardaway,Career,UTEP,,124,28.8,4.6,9.5,0.484,4.8,9.5,0.51,0.7,2.0,0.35200000000000004,3.0,4.2,0.718,2.6,4.5,2.1,0.2,2.0,2.4,12.8
209,brandon-jennings,Career,IPFW,,52,,1.3,2.8,0.44799999999999995,1.0,2.0,0.491,0.3,0.8,0.33299999999999996,0.5,0.7,0.7709999999999999,2.6,0.6,0.5,0.0,,,3.3
210,eric-maynor,Career,VCU,,130,,5.0,11.2,0.449,3.9,8.3,0.47700000000000004,1.1,3.0,0.37,3.9,4.9,0.7909999999999999,3.4,5.2,1.3,0.2,3.0,,15.0
211,jamal-crawford,Career,Michigan,,17,33.9,6.2,15.0,0.41200000000000003,4.2,9.1,0.46799999999999997,1.9,5.9,0.327,2.4,3.0,0.784,2.8,4.5,1.1,0.9,3.1,1.1,16.6
212,keyon-dooling,Career,Missouri,,59,28.1,3.8,9.2,0.41100000000000003,2.6,5.8,0.452,1.1,3.4,0.33799999999999997,3.4,4.7,0.733,2.4,3.4,1.3,0.5,2.3,1.7,12.1
213,ryan-gomes,Career,Providence,,116,35.1,6.8,13.0,0.519,6.1,11.0,0.5489999999999999,0.7,2.0,0.35200000000000004,4.2,5.3,0.789,8.9,2.3,1.6,0.4,,,18.4
214,otto-porter,Career,Georgetown,,64,32.5,4.6,9.2,0.498,3.7,6.8,0.55,0.9,2.4,0.355,2.8,3.8,0.7509999999999999,7.1,2.1,1.5,0.9,1.3,2.0,12.8
215,luke-ridnour,Career,Oregon,,96,33.6,4.5,10.5,0.429,2.4,5.0,0.47200000000000003,2.1,5.4,0.389,3.5,4.1,0.8590000000000001,3.0,5.2,1.6,0.1,3.2,2.1,14.6
216,greivis-vasquez,Career,Maryland,,136,33.9,5.5,13.0,0.425,3.8,7.9,0.48700000000000004,1.7,5.1,0.32899999999999996,3.2,3.9,0.828,4.8,5.7,1.4,0.3,3.5,0.5,16.0
217,caron-butler,Career,UConn,,63,34.5,6.4,13.8,0.465,5.7,11.9,0.48200000000000004,0.7,1.9,0.364,4.5,5.9,0.768,7.6,3.0,2.1,0.3,2.7,2.4,18.0
218,langston-galloway,Career,St. Joseph's,,133,35.5,4.9,11.3,0.43799999999999994,2.4,5.2,0.452,2.6,6.1,0.426,2.5,3.1,0.821,4.5,2.2,1.3,0.5,1.2,2.5,15.0
219,jumaine-jones,Career,Georgia,,65,34.4,5.9,13.2,0.449,4.5,9.2,0.49200000000000005,1.4,4.0,0.35100000000000003,3.3,4.4,0.7509999999999999,9.0,0.9,1.0,0.6,2.5,1.1,16.6
220,brandon-roy,Career,Washington,,103,27.5,5.2,10.1,0.512,4.7,8.6,0.541,0.5,1.5,0.344,3.5,4.5,0.765,5.0,3.0,1.0,0.5,,,14.3
221,james-posey,Career,Xavier,,95,31.5,4.9,9.3,0.527,4.1,7.0,0.594,0.8,2.3,0.32899999999999996,4.7,5.9,0.8079999999999999,8.4,1.7,2.3,0.7,2.7,2.1,15.3
222,latrell-sprewell,Career,Alabama,,68,31.3,5.0,10.0,0.507,4.0,7.3,0.547,1.1,2.7,0.39899999999999997,2.3,3.2,0.74,5.1,2.0,1.4,0.6,2.1,1.7,13.5
223,willie-green,Career,Detroit,,124,30.0,5.2,11.4,0.461,4.3,8.6,0.495,1.0,2.8,0.35200000000000004,2.9,3.8,0.757,4.2,2.2,0.9,0.3,2.0,2.3,14.3
224,troy-hudson,Career,Overall,,57,33.5,6.9,17.6,0.391,2.9,8.6,0.336,4.0,9.0,0.44299999999999995,2.8,3.5,0.8059999999999999,3.8,2.2,1.3,0.0,2.2,1.6,20.6
225,jarrett-jack,Career,Georgia Tech,,101,32.3,4.0,8.4,0.478,3.1,5.9,0.53,0.9,2.6,0.359,3.6,4.5,0.7959999999999999,4.5,5.4,1.8,0.1,,,12.5
226,antawn-jamison,Career,UNC,,104,33.6,7.6,13.1,0.5770000000000001,7.5,12.9,0.583,0.1,0.3,0.29600000000000004,3.8,6.1,0.617,9.9,0.9,0.9,0.8,1.8,1.6,19.0
227,jeremy-lin,Career,Harvard,,115,32.2,4.4,9.1,0.48100000000000004,3.5,6.3,0.547,0.9,2.8,0.33299999999999996,3.2,4.3,0.733,4.3,3.5,2.0,0.6,3.2,0.7,12.9
228,ben-mclemore,Career,Kansas,,37,32.2,5.4,10.8,0.495,3.4,6.1,0.5529999999999999,2.0,4.7,0.42,3.2,3.7,0.87,5.2,2.0,1.0,0.7,2.1,1.9,15.9
229,alan-anderson,Career,Michigan State,,126,26.8,3.0,6.1,0.503,2.7,5.0,0.532,0.4,1.0,0.366,3.0,3.6,0.831,4.2,2.4,0.8,0.2,,,9.5
230,richard-hamilton,Career,UConn,,103,31.4,6.7,15.7,0.426,4.4,9.7,0.456,2.3,6.1,0.37799999999999995,4.0,4.9,0.826,4.5,2.6,1.3,0.3,2.7,1.3,19.8
231,smush-parker,Career,Fordham,,28,35.0,5.5,12.6,0.433,3.4,6.4,0.536,2.0,6.2,0.32799999999999996,3.6,4.9,0.73,4.4,4.5,2.3,0.3,,,16.5
232,mike-scott,Career,Eastern Kentucky,,55,,1.9,5.0,0.389,1.5,3.6,0.429,0.4,1.4,0.28600000000000003,1.9,2.8,0.677,3.5,2.0,1.3,0.1,,,6.2
233,carmelo-anthony,Career,Syracuse,,35,36.4,7.9,17.5,0.45299999999999996,6.3,12.7,0.496,1.6,4.7,0.337,4.8,6.8,0.706,10.0,2.2,1.6,0.9,2.2,2.2,22.2
234,rudy-gay,Career,UConn,,64,29.8,5.0,10.8,0.461,4.1,8.5,0.483,0.9,2.3,0.37799999999999995,2.8,3.8,0.721,5.9,1.8,1.3,1.7,,,13.6
235,robert-horry,Career,Alabama,,133,28.2,4.3,9.4,0.45799999999999996,3.3,6.8,0.49200000000000005,1.0,2.6,0.371,2.4,3.2,0.742,7.0,1.4,1.3,2.2,2.2,2.8,12.0
236,wesley-johnson,Career,Charleston Southern,,52,8.8,0.5,1.0,0.529,0.5,1.0,0.529,0.0,0.0,,0.6,1.2,0.508,1.5,0.1,0.2,0.3,0.3,1.4,1.6
237,brian-scalabrine,Career,USC,,92,33.0,5.7,11.2,0.513,5.2,9.7,0.5379999999999999,0.5,1.5,0.34299999999999997,3.7,4.8,0.77,6.1,2.7,1.0,0.9,3.4,2.7,15.7
238,michael-beasley,Career,Kansas State,,33,31.5,9.3,17.5,0.532,8.2,14.6,0.562,1.1,2.9,0.379,6.5,8.5,0.774,12.4,1.2,1.3,1.6,2.9,,26.2
239,sam-cassell,Career,Florida State,,66,35.5,6.7,13.9,0.478,5.0,9.5,0.531,1.6,4.5,0.366,3.4,4.6,0.7340000000000001,4.4,4.4,2.3,0.3,2.9,3.3,18.3
240,draymond-green,Career,Michigan State,,145,29.6,3.7,8.0,0.467,3.1,6.3,0.496,0.6,1.7,0.361,2.3,3.4,0.687,7.6,2.9,1.2,0.8,1.9,2.3,10.5
241,lou-williams,Career,Oklahoma,,5,,1.2,3.4,0.353,1.2,2.6,0.462,0.0,0.8,0.0,1.8,2.8,0.643,0.6,1.0,0.2,0.0,,,4.2
242,dan-dickau,Career,Overall,,97,32.1,3.9,8.7,0.451,1.7,3.9,0.436,2.2,4.8,0.462,3.3,3.8,0.8540000000000001,2.4,3.7,0.7,0.1,3.0,1.4,13.3
243,juan-dixon,Career,Maryland,,141,28.4,5.7,12.1,0.46799999999999997,4.0,7.8,0.513,1.7,4.4,0.389,3.0,3.6,0.85,4.2,2.6,2.4,0.2,2.5,2.0,16.1
244,steve-francis,Career,Maryland,,34,30.7,6.0,11.5,0.523,4.7,8.1,0.58,1.3,3.4,0.38799999999999996,3.6,4.6,0.79,4.5,4.5,2.8,0.2,3.0,2.8,17.0
245,grant-hill,Career,Duke,,129,30.4,5.8,10.9,0.532,5.4,9.9,0.546,0.3,0.9,0.376,3.0,4.3,0.698,6.0,3.6,1.7,1.0,2.5,2.4,14.9
246,charlie-villanueva,Career,UConn,,63,22.3,4.3,8.3,0.518,3.9,7.4,0.534,0.4,1.0,0.39299999999999996,2.2,3.2,0.6809999999999999,6.7,1.0,0.4,1.7,,,11.2
247,rasheed-wallace,Career,UNC,,69,25.5,5.5,8.6,0.635,5.4,8.6,0.637,0.0,0.1,0.25,2.1,3.4,0.621,7.4,0.8,0.6,2.3,1.5,2.6,13.0
248,al-horford,Career,Florida,,109,25.7,3.9,6.6,0.586,3.9,6.6,0.589,0.0,0.0,0.0,2.5,4.1,0.619,7.9,1.7,0.9,1.7,,,10.3
249,mark-jackson,Career,St. John's (NY),,131,30.4,3.5,7.0,0.51,4.9,9.1,0.54,1.6,3.9,0.419,2.7,3.5,0.7509999999999999,2.6,5.6,1.3,0.2,2.3,1.7,10.1
250,wilson-chandler,Career,DePaul,,59,31.1,5.1,11.4,0.445,4.3,8.8,0.48700000000000004,0.8,2.6,0.303,2.0,3.0,0.659,7.1,1.2,0.7,1.5,,,12.9
251,jeff-green,Career,Georgetown,,102,33.2,4.8,9.7,0.488,3.9,7.3,0.531,0.9,2.4,0.359,2.7,3.9,0.7,6.5,3.1,0.9,1.2,,,13.1
252,lindsey-hunter,Career,Overall,,119,31.7,7.3,17.8,0.409,4.8,10.7,0.446,2.5,7.1,0.353,3.0,4.3,0.7090000000000001,3.2,3.7,2.2,0.3,3.1,2.0,20.1
253,victor-oladipo,Career,Indiana,,104,24.6,3.9,7.3,0.5379999999999999,3.4,5.9,0.585,0.5,1.4,0.33799999999999997,2.5,3.5,0.716,5.2,1.7,1.5,0.5,2.0,2.4,10.7
254,shawne-williams,Career,Memphis,,36,27.8,4.3,10.4,0.41600000000000004,3.0,6.1,0.489,1.3,4.3,0.312,3.2,4.0,0.7859999999999999,6.2,1.9,1.4,1.4,,,13.2
255,carlos-arroyo,Career,Florida International,,100,35.2,5.6,12.6,0.445,3.9,7.5,0.517,1.7,5.1,0.34,3.0,4.3,0.703,3.0,4.6,1.8,0.1,,,16.0
256,devin-brown,Career,UTSA,,105,32.0,6.1,14.7,0.41100000000000003,4.4,9.5,0.46799999999999997,1.6,5.2,0.309,4.6,6.2,0.733,7.2,2.7,1.8,0.4,2.8,2.7,18.3
257,rodney-carney,Career,Memphis,,133,27.6,5.0,11.9,0.415,2.8,6.0,0.46799999999999997,2.2,6.0,0.36200000000000004,2.2,3.1,0.7170000000000001,4.9,1.2,1.0,1.0,,,14.3
258,jordan-clarkson,Career,Overall,,93,31.7,5.1,11.6,0.44,4.1,8.4,0.485,1.0,3.2,0.322,4.2,5.2,0.805,3.3,2.7,0.9,0.3,2.7,2.3,15.4
259,austin-croshere,Career,Providence,,121,23.6,4.1,9.3,0.44,2.9,5.7,0.502,1.2,3.6,0.34,3.2,3.8,0.843,5.3,1.0,0.9,0.6,1.9,2.0,12.6
260,jonny-flynn,Career,Syracuse,,73,,5.6,12.2,0.46,4.2,8.1,0.525,1.4,4.2,0.33299999999999996,4.0,5.1,0.782,2.7,6.0,1.5,0.2,3.1,,16.6
261,dermarr-johnson,Career,Cincinnati,,32,27.5,4.4,9.2,0.478,2.8,4.8,0.575,1.6,4.4,0.371,2.2,3.0,0.737,3.8,1.4,1.0,0.9,1.4,2.0,12.6
262,jeremy-lamb,Career,UConn,,75,32.1,5.3,11.0,0.48200000000000004,3.8,6.6,0.573,1.6,4.5,0.348,1.9,2.4,0.8059999999999999,4.7,1.7,1.0,0.6,1.6,1.6,14.1
263,josh-mcroberts,Career,Duke,,69,29.7,4.0,7.5,0.54,3.9,7.0,0.5589999999999999,0.1,0.5,0.278,2.5,3.8,0.664,6.5,2.4,1.2,1.9,,,10.8
264,jason-williams,Career,Overall,,48,29.1,5.3,11.0,0.483,3.5,6.3,0.5489999999999999,1.9,4.7,0.39399999999999996,2.4,3.0,0.7929999999999999,3.3,6.5,2.1,0.3,2.7,1.0,14.9
265,matt-barnes,Career,UCLA,,121,22.6,3.3,7.1,0.469,2.8,5.5,0.514,0.5,1.6,0.314,1.7,2.9,0.5660000000000001,4.8,2.0,1.0,0.4,2.0,2.2,8.8
266,chris-bosh,Career,Georgia Tech,,31,31.0,5.4,9.7,0.56,4.7,8.2,0.575,0.7,1.5,0.478,4.1,5.6,0.73,9.0,1.2,1.0,2.2,2.3,2.4,15.6
267,linas-kleiza,Career,Missouri,,49,28.7,4.7,11.3,0.413,3.9,8.6,0.45299999999999996,0.8,2.8,0.287,4.3,6.1,0.7070000000000001,7.9,1.3,0.6,0.3,,,14.4
268,garrett-temple,Career,LSU,,134,,2.2,5.9,0.371,1.3,2.9,0.47,0.8,3.0,0.278,1.5,1.9,0.7829999999999999,3.7,3.6,1.4,0.8,2.1,,6.7
269,luol-deng,Career,Duke,,37,31.1,5.7,11.9,0.47600000000000003,4.6,8.9,0.515,1.1,3.0,0.36,2.6,3.7,0.71,6.9,1.8,1.3,1.1,,,15.1
270,andre-iguodala,Career,Arizona,,62,25.4,3.3,7.8,0.424,2.8,5.9,0.473,0.5,1.9,0.27399999999999997,2.5,3.3,0.738,6.6,3.4,1.5,0.5,,,9.6
271,paul-millsap,Career,Louisiana Tech,,92,35.2,7.2,12.4,0.5770000000000001,7.1,12.2,0.58,0.1,0.2,0.375,4.2,6.8,0.62,12.7,0.9,1.3,2.0,,,18.6
272,iman-shumpert,Career,Georgia Tech,,92,31.1,4.2,10.6,0.396,3.0,6.7,0.45,1.2,4.0,0.305,3.1,4.1,0.738,4.5,4.2,2.3,0.2,3.0,1.7,12.7
273,dion-waiters,Career,Syracuse,,71,20.4,3.5,7.7,0.45299999999999996,2.5,4.9,0.513,1.0,2.8,0.348,1.8,2.3,0.753,1.9,2.0,1.5,0.2,1.1,1.6,9.7
274,kemba-walker,Career,UConn,,111,36.5,5.2,12.2,0.428,4.1,8.7,0.469,1.1,3.5,0.326,4.5,5.8,0.7829999999999999,4.4,4.1,1.7,0.3,2.3,1.0,16.1
275,eric-bledsoe,Career,Kentucky,,37,30.3,3.9,8.4,0.462,2.6,5.0,0.516,1.3,3.5,0.38299999999999995,2.2,3.3,0.667,3.1,2.9,1.4,0.3,3.0,2.2,11.3
276,travis-best,Career,Georgia Tech,,124,36.3,5.7,12.4,0.456,3.6,7.1,0.503,2.1,5.3,0.39299999999999996,3.2,3.9,0.809,3.1,5.6,1.8,0.1,2.6,2.5,16.6
277,shannon-brown,Career,Michigan State,,97,28.0,4.3,9.4,0.457,3.2,6.3,0.503,1.1,3.1,0.364,2.5,3.0,0.831,3.4,1.9,1.3,0.1,,,12.2
278,greg-buckner,Career,Clemson,,122,32.6,5.6,11.0,0.504,5.2,9.5,0.54,0.4,1.5,0.276,2.8,4.3,0.665,4.9,2.1,1.5,0.3,1.5,1.8,14.4
279,landry-fields,Career,Stanford,,129,36.3,3.9,8.4,0.46299999999999997,3.1,6.0,0.51,0.8,2.3,0.342,2.3,3.3,0.6759999999999999,5.0,1.6,0.9,0.4,1.7,0.5,10.8
280,anfernee-hardaway,Career,Memphis,,66,36.7,6.9,15.2,0.456,4.8,9.0,0.531,2.2,6.2,0.34600000000000003,4.0,5.5,0.7170000000000001,7.7,5.9,2.5,1.3,3.5,2.7,20.0
281,josh-howard,Career,Wake Forest,,127,27.8,5.1,10.5,0.483,4.2,8.1,0.522,0.9,2.4,0.353,2.9,4.0,0.708,6.6,1.9,1.7,1.1,2.2,2.9,13.9
282,shawn-marion,Career,UNLV,,29,32.9,7.6,14.4,0.529,6.9,12.1,0.573,0.7,2.3,0.299,2.8,3.8,0.73,9.3,1.2,2.5,1.9,1.4,2.1,18.7
283,dahntay-jones,Career,Overall,,131,29.8,4.9,10.7,0.452,4.0,8.3,0.484,0.8,2.4,0.344,3.3,4.4,0.745,4.6,1.4,1.0,0.6,2.1,3.0,13.8
284,adam-morrison,Career,Gonzaga,,95,30.6,7.0,14.0,0.503,5.7,10.3,0.551,1.3,3.7,0.368,4.2,5.5,0.7609999999999999,5.1,2.0,0.7,0.4,,,19.7
285,brad-miller,Career,Purdue,,128,23.2,3.8,6.7,0.5720000000000001,3.8,6.5,0.583,0.1,0.2,0.259,4.2,5.6,0.754,6.7,2.0,1.1,1.3,1.9,2.0,12.0
286,antoine-walker,Career,Kentucky,,69,21.0,4.7,10.4,0.449,4.3,8.9,0.48200000000000004,0.4,1.5,0.252,1.9,2.9,0.66,6.5,2.2,1.3,0.5,2.1,2.1,11.7
287,damien-wilkins,Career,Overall,,117,30.4,3.6,8.8,0.408,2.9,6.5,0.445,0.7,2.3,0.305,3.1,4.2,0.725,5.0,2.6,1.2,0.5,,,10.9
288,trey-burke,Career,Michigan,,73,35.7,6.0,13.3,0.45,4.2,8.3,0.499,1.8,5.0,0.36700000000000005,3.1,4.0,0.777,3.3,5.7,1.3,0.5,2.5,1.7,16.9
289,josh-childress,Career,Stanford,,86,28.6,4.5,10.2,0.43799999999999994,3.3,6.6,0.494,1.2,3.6,0.335,2.2,2.8,0.755,6.8,1.8,0.9,1.1,,,12.3
290,austin-rivers,Career,Duke,,34,33.2,5.1,11.8,0.433,3.4,7.1,0.47700000000000004,1.7,4.7,0.365,3.6,5.4,0.6579999999999999,3.4,2.1,1.0,0.0,2.3,2.2,15.5
291,jimmy-butler,Career,Marquette,,106,34.5,3.7,7.2,0.508,3.3,6.4,0.525,0.3,0.9,0.38299999999999995,4.3,5.6,0.773,5.5,1.7,1.1,0.5,1.0,1.1,12.0
292,brian-shaw,Career,Overall,,100,31.9,3.9,8.9,0.434,3.9,8.4,0.46799999999999997,0.7,2.0,0.379,1.9,2.6,0.728,6.4,5.4,1.5,0.3,3.5,2.6,10.1
293,marcus-banks,Career,UNLV,,63,34.3,6.0,12.2,0.495,5.0,9.1,0.551,1.0,3.1,0.33,5.0,6.8,0.731,3.3,4.3,2.5,0.2,3.6,2.9,18.1
294,kentavious-caldwell-pope,Career,Georgia,,64,33.0,5.3,12.7,0.415,3.0,5.9,0.504,2.3,6.9,0.33899999999999997,2.9,3.9,0.752,6.1,1.5,1.9,0.4,1.6,2.2,15.8
295,raymond-felton,Career,UNC,,101,33.9,4.1,9.7,0.423,2.4,5.1,0.467,1.7,4.6,0.375,2.6,3.5,0.731,4.1,6.9,1.9,0.3,,,12.5
296,alonzo-gee,Career,Alabama,,128,,4.7,10.4,0.447,3.8,7.6,0.491,0.9,2.8,0.325,2.5,4.0,0.632,5.7,1.3,1.2,0.4,2.1,,12.7
297,matt-harpring,Career,Georgia Tech,,124,36.0,6.1,13.1,0.465,4.4,8.4,0.523,1.7,4.7,0.361,4.1,5.4,0.753,8.0,2.3,1.4,0.2,2.7,1.8,17.9
298,dan-majerle,Career,Central Michigan,,94,36.0,8.4,15.7,0.536,7.7,14.0,0.5489999999999999,0.9,2.0,0.431,4.4,7.0,0.631,8.9,2.2,1.7,1.0,2.1,2.4,21.8
299,stephon-marbury,Career,Georgia Tech,,36,37.4,6.5,14.3,0.457,4.1,7.7,0.5329999999999999,2.4,6.6,0.37,3.4,4.6,0.738,3.1,4.5,1.8,0.1,3.2,2.3,18.9
300,jeff-mcinnis,Career,UNC,,100,25.6,4.0,8.8,0.45899999999999996,2.7,5.3,0.5,1.4,3.5,0.397,1.8,2.6,0.7190000000000001,2.8,4.4,1.1,0.0,2.0,1.8,11.3
301,tony-parker,Career,UCLA,,136,18.3,3.4,6.0,0.555,3.4,6.0,0.555,0.0,0.0,,1.6,3.1,0.516,5.1,0.3,0.4,0.7,1.2,2.8,8.3
302,glenn-robinson,Career,Purdue,,62,35.1,9.9,20.7,0.479,8.1,16.0,0.507,1.8,4.6,0.385,5.9,7.7,0.773,9.7,1.9,1.8,1.0,3.9,2.7,27.5
303,norris-cole,Career,Cleveland State,,140,35.0,4.8,11.1,0.435,3.8,8.0,0.48,1.0,3.1,0.321,3.5,4.2,0.826,3.2,3.3,1.5,0.1,2.0,1.2,14.1
304,rodney-rogers,Career,Wake Forest,,89,31.7,7.7,13.2,0.579,7.1,11.5,0.613,0.6,1.7,0.349,3.4,4.9,0.6940000000000001,7.9,2.2,1.6,0.8,2.8,2.8,19.3
305,luke-walton,Career,Arizona,,129,27.2,3.3,7.6,0.426,2.8,5.9,0.47,0.5,1.8,0.284,2.1,3.1,0.685,5.1,4.5,1.2,0.4,2.6,1.8,9.1
306,tobias-harris,Career,Tennessee,,34,29.2,5.4,11.8,0.46,4.8,9.6,0.49700000000000005,0.7,2.2,0.303,3.8,5.0,0.753,7.3,1.3,0.7,0.9,1.8,2.1,15.3
307,solomon-hill,Career,Arizona,,139,29.0,3.5,7.3,0.48100000000000004,2.7,5.1,0.528,0.8,2.2,0.375,2.5,3.3,0.745,5.6,2.2,0.9,0.4,2.1,2.4,10.3
308,corey-maggette,Career,Duke,,39,17.7,3.5,6.7,0.525,2.8,4.5,0.61,0.7,2.2,0.345,2.8,4.0,0.716,3.9,1.5,0.7,0.4,2.1,2.5,10.6
309,nik-stauskas,Career,Michigan,,75,32.9,4.3,9.2,0.467,2.0,4.0,0.5,2.3,5.2,0.441,3.2,3.9,0.8320000000000001,2.9,2.3,0.6,0.3,1.5,1.0,14.1
310,von-wafer,Career,Florida State,,61,21.6,3.5,8.7,0.405,1.7,3.8,0.457,1.8,4.9,0.365,1.3,1.9,0.669,2.2,1.4,0.9,0.2,,,10.1
311,jae-crowder,Career,Marquette,,72,30.2,5.2,10.6,0.49200000000000005,3.8,6.5,0.581,1.4,4.1,0.35,2.7,4.0,0.6829999999999999,7.6,1.8,1.9,0.9,1.0,2.5,14.6
312,devin-harris,Career,Wisconsin,,96,35.0,4.6,10.2,0.447,2.6,5.0,0.522,1.9,5.2,0.375,3.8,4.8,0.778,4.1,3.1,1.7,0.4,,,14.8
313,shelvin-mack,Career,Butler,,108,31.5,4.8,11.4,0.419,2.8,5.8,0.48,2.0,5.6,0.35700000000000004,2.6,3.4,0.755,4.2,3.3,1.1,0.1,2.2,1.3,14.1
314,earl-watson,Career,UCLA,,129,34.5,4.0,8.9,0.45,3.0,5.9,0.507,1.0,3.0,0.341,2.2,3.3,0.654,3.8,4.7,1.8,0.4,3.5,2.2,11.2
315,baron-davis,Career,UCLA,,59,30.7,4.9,9.7,0.503,3.9,6.6,0.583,1.0,3.1,0.32799999999999996,2.9,4.5,0.631,3.8,4.4,2.5,0.4,3.3,1.6,13.6
316,markieff-morris,Career,Kansas,,109,21.1,3.1,5.7,0.5529999999999999,2.8,4.8,0.579,0.3,0.9,0.40399999999999997,1.9,2.9,0.653,6.1,1.2,0.6,0.9,1.6,1.8,8.5
317,al-farouq-aminu,Career,Wake Forest,,62,31.3,5.0,10.6,0.47600000000000003,4.6,8.9,0.522,0.4,1.7,0.23800000000000002,3.9,5.7,0.687,9.4,1.4,1.2,1.3,2.9,1.5,14.4
318,dion-glover,Career,Georgia Tech,,33,,6.7,15.2,0.441,5.4,10.2,0.525,1.4,5.0,0.271,3.6,5.6,0.64,5.0,2.6,2.1,0.2,,,18.4
319,bonzi-wells,Career,Ball State,,116,31.0,7.9,16.4,0.48,6.6,12.6,0.526,1.2,3.8,0.325,4.5,6.5,0.6809999999999999,7.3,3.3,3.0,0.8,3.6,2.1,21.4
320,james-anderson,Career,BYU,,87,5.7,0.7,1.4,0.46299999999999997,0.7,1.4,0.46299999999999997,0.0,0.0,,0.3,0.7,0.39,1.3,0.2,0.1,0.4,0.2,1.0,1.6
321,larry-hughes,Career,Saint Louis,,32,,7.0,16.9,0.415,5.7,12.3,0.461,1.3,4.5,0.29,5.6,8.1,0.6920000000000001,5.1,2.4,2.2,0.4,,,20.9
322,jerry-stackhouse,Career,UNC,,69,27.6,5.1,10.3,0.496,4.6,8.7,0.522,0.6,1.6,0.355,4.9,6.7,0.72,6.6,2.3,1.3,1.1,2.9,1.9,15.7
323,marcus-williams,Career,UConn,,70,27.9,2.9,7.2,0.402,2.1,5.2,0.413,0.8,2.1,0.375,2.4,3.0,0.7909999999999999,3.2,7.3,1.0,0.2,,,9.0
324,eric-williams,Career,Providence,,60,30.4,5.8,12.9,0.45299999999999996,5.4,11.5,0.466,0.5,1.4,0.349,4.5,6.7,0.6729999999999999,5.9,1.9,1.6,0.4,2.2,2.7,16.7
325,gerald-henderson,Career,VCU,,103,34.8,6.6,13.8,0.48100000000000004,,,,,,,1.7,2.8,0.627,3.2,,,,,,15.0
326,john-wall,Career,Kentucky,,37,34.8,5.5,11.8,0.461,4.5,8.8,0.509,1.0,3.1,0.325,4.7,6.3,0.754,4.3,6.5,1.8,0.5,4.0,1.9,16.6
327,thaddeus-young,Career,Georgia Tech,,31,29.6,5.7,11.9,0.478,4.5,8.9,0.498,1.3,3.0,0.419,1.7,2.3,0.743,4.9,2.0,1.3,0.4,,,14.4
328,gary-payton,Career,Oregon State,,120,37.7,6.9,14.3,0.485,5.4,10.2,0.53,1.5,4.0,0.369,2.8,4.1,0.684,4.0,7.8,2.7,0.5,3.3,3.5,18.1
329,antonio-daniels,Career,Bowling Green State,,111,33.3,5.9,11.4,0.515,5.1,9.5,0.54,0.8,1.9,0.396,3.6,4.8,0.758,2.9,5.2,1.5,0.3,2.8,1.5,16.1
330,eddie-griffin,Career,Seton Hall,,30,32.6,6.9,16.0,0.429,5.5,11.7,0.469,1.4,4.3,0.32,2.7,3.6,0.7340000000000001,10.8,1.6,0.9,4.4,2.2,2.4,17.8
331,gary-harris,Career,Michigan State,,69,31.0,5.0,11.4,0.44,2.9,5.7,0.503,2.1,5.6,0.376,2.7,3.5,0.7879999999999999,3.3,2.0,1.6,0.3,1.6,2.0,14.9
332,darrell-arthur,Career,Kansas,,78,21.9,4.7,8.7,0.541,4.7,8.5,0.552,0.0,0.2,0.11800000000000001,1.8,2.7,0.6759999999999999,5.5,0.6,0.7,1.4,1.9,,11.3
333,reggie-jackson,Career,Boston College,,99,32.2,4.6,9.9,0.465,3.4,6.4,0.527,1.2,3.5,0.35100000000000003,2.3,3.0,0.753,4.4,3.5,0.8,0.5,2.1,1.2,12.7
334,ramon-sessions,Career,Nevada,,97,29.2,3.2,7.6,0.41700000000000004,2.9,6.7,0.43,0.3,0.8,0.313,2.2,3.0,0.74,4.2,4.9,1.2,0.1,,,8.8
335,alvin-williams,Career,Villanova,,131,30.0,3.7,8.4,0.44299999999999995,2.7,5.5,0.493,1.0,2.9,0.35,2.4,3.4,0.726,3.7,4.2,1.5,0.3,2.3,2.6,10.9
336,ryan-kelly,Career,Eastern Illinois,,41,,0.7,1.2,0.529,0.7,1.2,0.54,0.0,0.0,0.0,0.4,0.9,0.474,1.9,0.4,0.2,0.3,,,1.8
337,gerald-wallace,Career,Alabama,,36,22.9,3.5,8.0,0.43799999999999994,3.2,6.3,0.511,0.3,1.8,0.175,2.4,4.3,0.568,6.0,1.5,1.2,1.0,2.4,2.4,9.8
338,eduardo-najera,Career,Oklahoma,,126,31.3,4.9,11.3,0.43,4.2,9.0,0.467,0.7,2.3,0.28800000000000003,2.7,4.0,0.669,7.2,1.7,1.5,0.7,2.1,2.2,13.1
339,donald-sloan,Career,Texas A&M,,138,33.2,3.8,8.8,0.428,2.9,6.3,0.46399999999999997,0.8,2.5,0.336,2.7,3.6,0.732,3.3,2.7,0.6,0.1,2.1,0.4,11.0
340,bob-sura,Career,Florida State,,119,33.6,6.1,13.7,0.45,4.3,8.3,0.524,1.8,5.4,0.33399999999999996,3.8,5.8,0.652,6.0,3.7,1.8,0.3,3.4,2.5,17.9
341,allen-iverson,Career,Georgetown,,67,32.5,7.7,17.5,0.44,5.9,11.7,0.503,1.8,5.8,0.314,5.8,8.5,0.6829999999999999,3.6,4.6,3.2,0.3,4.1,2.5,23.0
342,george-lynch,Career,UNC,,140,26.5,5.1,9.8,0.519,5.0,9.6,0.524,0.1,0.2,0.344,2.2,3.4,0.6509999999999999,7.8,1.7,1.7,0.4,2.3,2.8,12.5
343,lamar-odom,Career,Rhode Island,,32,34.9,6.3,13.2,0.48200000000000004,5.3,10.0,0.53,1.0,3.1,0.33,3.9,5.7,0.687,9.4,3.8,0.8,1.5,3.4,2.9,17.6
344,lance-stephenson,Career,Cincinnati,,34,28.2,4.8,10.8,0.44,4.3,8.7,0.495,0.5,2.1,0.21899999999999997,2.3,3.5,0.664,5.4,2.5,0.9,0.2,2.4,1.9,12.3
345,chris-johnson,Career,Dayton,,138,27.8,3.4,7.9,0.42700000000000005,1.7,3.3,0.505,1.7,4.6,0.371,2.1,2.6,0.826,6.1,1.1,0.8,0.4,1.1,1.5,10.6
346,jordan-crawford,Career,Overall,,65,32.8,5.6,12.4,0.455,4.0,8.0,0.494,1.7,4.4,0.384,2.6,3.3,0.765,4.1,2.6,1.2,0.2,2.2,0.9,15.5
347,ronnie-price,Career,Overall,,114,31.2,6.1,14.7,0.41700000000000004,3.7,7.7,0.48200000000000004,2.4,7.0,0.345,3.1,4.0,0.7879999999999999,3.5,2.8,1.7,0.2,,,17.8
348,evan-turner,Career,Ohio State,,101,35.7,5.3,10.6,0.502,4.8,9.1,0.525,0.5,1.5,0.36200000000000004,3.8,5.0,0.758,6.8,4.1,1.6,0.7,3.5,0.9,15.0
349,donte-greene,Career,Syracuse,,35,35.8,6.2,14.9,0.418,3.7,7.4,0.49200000000000005,2.6,7.5,0.345,2.7,3.8,0.7070000000000001,7.2,2.0,1.3,1.6,2.6,,17.7
350,andrew-wiggins,Career,Kansas,,35,32.8,5.4,12.1,0.44799999999999995,4.2,8.5,0.493,1.2,3.6,0.341,5.0,6.5,0.775,5.9,1.5,1.2,1.0,2.3,2.7,17.1
351,antoine-wright,Career,Texas A&M,,87,32.1,5.4,13.0,0.41200000000000003,3.3,7.5,0.439,2.1,5.5,0.376,2.6,4.0,0.648,5.6,2.1,1.1,0.6,,,15.4
352,will-barton,Career,Memphis,,70,32.9,5.7,12.0,0.47100000000000003,4.6,8.4,0.546,1.1,3.6,0.299,2.7,3.7,0.733,6.5,2.9,1.5,0.6,2.3,2.2,15.2
353,luc-mbah-a-moute,Career,UCLA,,107,29.5,3.4,6.8,0.503,3.2,6.0,0.545,0.2,0.9,0.215,1.7,2.5,0.6679999999999999,7.2,1.6,1.3,0.6,1.9,,8.7
354,derrick-rose,Career,Memphis,,40,29.2,5.2,10.9,0.47700000000000004,4.3,8.3,0.521,0.9,2.6,0.337,3.7,5.1,0.7120000000000001,4.5,4.7,1.2,0.4,2.7,,14.9
355,russell-westbrook,Career,UCLA,,75,21.9,3.1,6.6,0.46399999999999997,2.6,5.3,0.491,0.5,1.3,0.354,1.7,2.4,0.685,2.4,2.5,1.0,0.1,2.5,,8.3
356,yakhouba-diawara,Career,Pepperdine,,45,32.5,5.4,11.9,0.456,4.7,9.7,0.48200000000000004,0.8,2.2,0.34299999999999997,3.8,5.9,0.65,6.0,1.0,0.8,0.1,,,15.5
357,maurice-harkless,Career,St. John's (NY),,32,36.1,6.0,13.3,0.452,5.5,10.9,0.506,0.5,2.5,0.215,2.9,4.3,0.6759999999999999,8.6,1.5,1.6,1.4,2.5,2.3,15.5
358,george-mccloud,Career,Florida State,,117,24.3,4.5,9.8,0.46,3.2,6.6,0.48100000000000004,2.2,5.2,0.429,2.7,3.5,0.778,3.4,1.7,0.9,0.1,2.4,2.0,13.5
359,jamaal-tinsley,Career,Iowa State,,68,32.5,4.2,10.8,0.38799999999999996,3.4,8.4,0.405,0.8,2.3,0.327,3.4,4.9,0.685,4.5,6.3,2.6,0.8,4.0,2.9,12.5
360,derrick-williams,Career,Birmingham-Southern,,27,,3.2,7.7,0.418,1.3,3.1,0.4,2.0,4.6,0.431,2.7,3.4,0.813,3.2,3.2,1.3,0.0,,,11.1
361,rodney-stuckey,Career,Eastern Washington,,59,33.1,8.1,17.1,0.47200000000000003,6.4,11.9,0.54,1.7,5.2,0.317,6.5,8.1,0.8059999999999999,4.7,4.8,2.3,0.3,,,24.4
362,marcus-smart,Career,Oklahoma State,,64,33.1,4.9,11.9,0.413,3.5,7.3,0.488,1.4,4.6,0.295,5.5,7.3,0.7509999999999999,5.9,4.5,2.9,0.6,3.0,2.9,16.6
363,shandon-anderson,Career,Georgia,,118,26.8,4.9,9.9,0.498,4.5,8.5,0.532,0.4,1.4,0.29100000000000004,2.6,4.1,0.634,5.0,2.7,1.8,0.3,2.9,2.5,12.9
364,rajon-rondo,Career,Kentucky,,68,28.1,3.7,7.4,0.493,3.3,6.0,0.544,0.4,1.5,0.28300000000000003,1.9,3.3,0.5770000000000001,4.5,4.2,2.3,0.2,,,9.6
365,tyreke-evans,Career,Memphis,,37,,6.2,13.6,0.455,5.3,10.3,0.514,0.9,3.4,0.27399999999999997,3.7,5.2,0.711,5.4,3.9,2.1,0.8,3.6,,17.1
366,corey-brewer,Career,Florida,,108,27.2,4.0,8.2,0.48,3.0,5.7,0.536,0.9,2.6,0.35600000000000004,2.5,3.6,0.708,4.3,2.8,1.6,0.4,,,11.3
367,josh-smith,Career,Savannah State,,4,,0.3,0.8,0.33299999999999996,0.3,0.8,0.33299999999999996,0.0,0.0,,0.3,0.5,0.5,1.8,1.0,0.8,0.3,1.3,,0.8
368,dwyane-wade,Career,Marquette,,65,30.7,7.3,14.8,0.494,6.8,13.3,0.512,0.5,1.5,0.33299999999999996,4.6,6.2,0.745,6.5,3.9,2.3,1.2,3.1,2.4,19.7
369,demar-derozan,Career,USC,,35,,5.5,10.5,0.523,5.3,9.5,0.562,0.2,1.0,0.16699999999999998,2.7,4.2,0.6459999999999999,5.7,1.5,0.9,0.4,2.1,,13.9
370,tony-allen,Career,Oklahoma State,,67,31.4,5.5,11.5,0.47700000000000004,4.7,9.3,0.508,0.8,2.2,0.34700000000000003,3.5,5.2,0.682,5.5,2.9,2.0,0.8,,,15.3
371,shareef-abdur-rahim,Career,University of California,,28,34.7,7.4,14.2,0.518,7.1,13.5,0.525,0.3,0.8,0.381,6.1,8.9,0.6829999999999999,8.4,1.0,1.9,1.3,3.1,2.1,21.1
372,jerami-grant,Career,Syracuse,,72,21.9,2.6,5.3,0.486,2.5,5.1,0.496,0.1,0.3,0.3,2.2,3.5,0.6409999999999999,4.7,0.9,0.6,0.5,0.9,1.8,7.5
373,jared-sullinger,Career,Ohio State,,74,31.0,6.1,11.5,0.53,5.8,10.8,0.541,0.3,0.7,0.365,4.9,6.7,0.733,9.7,1.2,1.1,0.8,1.8,2.7,17.3
374,moochie-norris,Career,Auburn,,29,34.8,4.3,10.8,0.397,2.3,5.2,0.444,2.0,5.6,0.354,2.0,2.9,0.6990000000000001,4.0,4.9,1.8,0.0,2.6,1.9,12.5
375,will-bynum,Career,Overall,,101,21.8,3.1,8.1,0.385,1.9,4.2,0.45299999999999996,1.2,3.9,0.31,2.0,2.7,0.7390000000000001,2.1,2.1,0.9,0.0,,,9.4
376,james-johnson,Career,Quinnipiac,,127,34.1,4.6,11.9,0.385,2.9,7.3,0.39399999999999996,1.7,4.6,0.37,2.8,3.5,0.792,3.5,3.8,1.5,0.1,2.2,1.7,13.6
377,zach-randolph,Career,Michigan State,,33,19.8,4.2,7.1,0.5870000000000001,4.2,7.1,0.59,0.0,0.0,0.0,2.4,3.8,0.635,6.7,1.0,0.7,0.7,1.6,1.8,10.8
378,drew-gooden,Career,Kansas,,98,26.2,6.1,12.3,0.493,5.9,11.7,0.503,0.2,0.6,0.306,3.3,4.7,0.698,9.2,1.6,1.1,1.1,2.6,2.5,15.6
379,anthony-carter,Career,Hawaii,,58,34.7,6.9,14.6,0.474,5.8,11.2,0.519,1.1,3.4,0.33,3.4,4.8,0.7140000000000001,4.5,6.9,2.4,0.4,4.7,1.5,18.4
380,michael-carter-williams,Career,Syracuse,,66,25.4,2.7,6.8,0.39799999999999996,2.1,4.8,0.43799999999999994,0.6,2.1,0.307,2.2,3.2,0.679,3.6,5.2,2.0,0.4,2.3,1.8,8.2
381,ronnie-brewer,Career,Arkansas,,90,33.0,5.5,11.9,0.462,4.3,8.5,0.511,1.2,3.4,0.34,3.6,5.4,0.6709999999999999,5.0,3.3,2.4,0.5,,,15.7
382,marquis-daniels,Career,Auburn,,111,28.7,5.4,10.8,0.496,4.8,8.8,0.542,0.6,2.0,0.29600000000000004,2.4,3.8,0.6459999999999999,5.6,2.6,1.9,0.4,,,13.8
383,tony-wroten,Career,Washington,,35,30.3,5.7,12.8,0.44299999999999995,5.4,11.2,0.483,0.3,1.6,0.161,4.4,7.5,0.583,5.0,3.7,1.9,0.4,3.8,2.7,16.0
384,andre-miller,Career,Utah,,134,29.4,4.4,8.6,0.513,4.0,7.1,0.5579999999999999,0.4,1.5,0.294,2.9,4.2,0.6759999999999999,4.8,5.4,1.9,0.5,2.8,1.4,12.1
